Order_ID,Order_Date,Customer_ID,Product,Category,Region,Quantity,Unit_Price,Discount,Revenue,Cost,Profit
ORD-2026-1000,2026-03-09,CUST-125,Binder Clip Pack,Office Supplies,North,4,51.08,0.0,204.3,132.8,71.5
ORD-2026-1001,2026-06-21,CUST-114,Laptop,Electronics,West,5,402.57,0.35,1308.37,1449.27,-140.9
ORD-2026-1002,2026-05-12,CUST-126,Notebook,Office Supplies,North,5,52.0,0.0,259.99,168.99,91.0
ORD-2026-1003,2026-04-18,CUST-200,Pen Set,Office Supplies,North,6,31.62,0.05,180.21,123.3,56.91
ORD-2026-1004,2026-01-29,CUST-223,Standing Desk,Furniture,East,3,243.65,0.0,730.95,475.12,255.83
ORD-2026-1005,2026-01-29,CUST-117,Standing Desk,Furniture,North,1,91.52,0.1,82.37,59.49,22.88
ORD-2026-1006,2026-01-11,CUST-152,Desk Organizer,Office Supplies,South,10,17.96,0.05,170.64,116.75,53.89
ORD-2026-1007,2026-06-05,CUST-271,Wireless Headphones,Electronics,West,3,622.23,0.35,1213.36,1344.02,-130.66
ORD-2026-1008,2026-04-19,CUST-298,Smartwatch,Electronics,West,1,244.66,0.15,207.96,176.16,31.8
ORD-2026-1009,2026-05-08,CUST-216,Smartwatch,Electronics,North,1,489.32,0.15,415.92,352.31,63.61
ORD-2026-1010,2026-01-04,CUST-163,Desk Lamp,Furniture,South,1,248.43,0.0,248.43,161.48,86.95
ORD-2026-1011,2026-06-24,CUST-201,Wireless Headphones,Electronics,East,5,314.33,0.35,1021.57,1131.59,-110.02
ORD-2026-1012,2026-05-30,CUST-145,Binder Clip Pack,Office Supplies,South,2,15.25,0.0,30.49,19.82,10.67
ORD-2026-1013,2026-02-08,CUST-259,Smartwatch,Electronics,South,1,318.28,0.0,318.28,229.16,89.12
ORD-2026-1014,2026-02-02,CUST-176,Notebook,Office Supplies,South,14,14.39,0.0,201.51,130.98,70.53
ORD-2026-1015,2026-02-03,CUST-242,Laptop,Electronics,South,2,931.97,0.05,1770.75,1342.04,428.71
ORD-2026-1016,2026-02-24,CUST-233,Wireless Headphones,Electronics,East,5,911.24,0.05,4328.39,3280.46,1047.93
ORD-2026-1017,2026-04-05,CUST-171,Ergonomic Chair,Furniture,North,2,280.28,0.15,476.48,364.36,112.12
ORD-2026-1018,2026-03-19,CUST-183,Standing Desk,Furniture,East,3,306.54,0.0,919.61,597.75,321.86
ORD-2026-1019,2026-02-22,CUST-287,Standing Desk,Furniture,West,3,247.36,0.0,742.07,482.35,259.72
ORD-2026-1020,2026-04-21,CUST-221,Bookshelf,Furniture,East,1,299.51,0.0,299.51,194.68,104.83
ORD-2026-1021,2026-01-26,CUST-150,Laptop,Electronics,South,5,295.69,0.05,1404.55,1064.5,340.05
ORD-2026-1022,2026-02-22,CUST-255,Laptop,Electronics,East,1,332.76,0.0,332.76,239.59,93.17
ORD-2026-1023,2026-03-07,CUST-148,Wireless Headphones,Electronics,North,1,484.72,0.05,460.48,349.0,111.48
ORD-2026-1024,2026-03-24,CUST-207,Binder Clip Pack,Office Supplies,South,6,52.31,0.0,313.87,204.02,109.85
ORD-2026-1025,2026-05-22,CUST-216,Desk Organizer,Office Supplies,North,10,53.35,0.0,533.52,346.79,186.73
ORD-2026-1026,2026-02-05,CUST-285,Smartwatch,Electronics,West,2,870.56,0.1,1567.01,1253.61,313.4
ORD-2026-1027,2026-04-03,CUST-198,Desk Organizer,Office Supplies,South,6,33.29,0.0,199.74,129.83,69.91
ORD-2026-1028,2026-04-17,CUST-101,Desk Organizer,Office Supplies,West,13,18.98,0.0,246.79,160.41,86.38
ORD-2026-1029,2026-01-09,CUST-113,Smartphone,Electronics,North,4,499.73,0.0,1998.93,1439.23,559.7
ORD-2026-1030,2026-04-20,CUST-127,Ergonomic Chair,Furniture,East,1,115.25,0.0,115.25,74.91,40.34
ORD-2026-1031,2026-01-31,CUST-144,Smartphone,Electronics,North,4,620.73,0.0,2482.92,1787.7,695.22
ORD-2026-1032,2026-01-12,CUST-175,Wireless Headphones,Electronics,North,2,208.8,0.0,417.59,300.66,116.93
ORD-2026-1033,2026-06-20,CUST-163,Notebook,Office Supplies,South,13,39.39,0.0,512.12,332.88,179.24
ORD-2026-1034,2026-06-23,CUST-148,Smartwatch,Electronics,North,5,606.08,0.25,2272.8,2181.89,90.91
ORD-2026-1035,2026-05-26,CUST-288,Desk Organizer,Office Supplies,South,7,53.21,0.0,372.48,242.11,130.37
ORD-2026-1036,2026-02-24,CUST-100,Laptop,Electronics,North,4,574.94,0.0,2299.74,1655.81,643.93
ORD-2026-1037,2026-01-18,CUST-111,Laptop,Electronics,North,1,220.84,0.0,220.84,159.0,61.84
ORD-2026-1038,2026-05-04,CUST-128,Smartphone,Electronics,South,2,572.99,0.25,859.49,825.11,34.38
ORD-2026-1039,2026-03-21,CUST-183,Binder Clip Pack,Office Supplies,North,8,36.09,0.0,288.69,187.65,101.04
ORD-2026-1040,2026-01-22,CUST-107,Laptop,Electronics,South,2,713.74,0.05,1356.12,1027.79,328.33
ORD-2026-1041,2026-03-31,CUST-185,Notebook,Office Supplies,East,7,17.81,0.05,118.43,81.03,37.4
ORD-2026-1042,2026-01-07,CUST-244,Smartphone,Electronics,West,2,905.69,0.0,1811.38,1304.19,507.19
ORD-2026-1043,2026-06-13,CUST-295,Binder Clip Pack,Office Supplies,East,9,11.52,0.0,103.67,67.39,36.28
ORD-2026-1044,2026-02-16,CUST-289,Bookshelf,Furniture,West,1,385.93,0.1,347.34,250.85,96.49
ORD-2026-1045,2026-04-30,CUST-275,Standing Desk,Furniture,East,1,197.7,0.0,197.7,128.5,69.2
ORD-2026-1046,2026-02-26,CUST-201,Notebook,Office Supplies,East,5,46.92,0.0,234.61,152.5,82.11
ORD-2026-1047,2026-04-04,CUST-182,Laptop,Electronics,South,5,714.3,0.35,2321.48,2571.49,-250.01
ORD-2026-1048,2026-04-09,CUST-164,Notebook,Office Supplies,North,10,37.22,0.0,372.24,241.96,130.28
ORD-2026-1049,2026-02-03,CUST-148,Wireless Headphones,Electronics,East,5,454.34,0.0,2271.68,1635.61,636.07
ORD-2026-1050,2026-06-24,CUST-173,Bookshelf,Furniture,North,3,107.08,0.0,321.25,208.81,112.44
ORD-2026-1051,2026-05-20,CUST-216,Notebook,Office Supplies,South,3,53.17,0.0,159.5,103.67,55.83
ORD-2026-1052,2026-06-19,CUST-114,Notebook,Office Supplies,South,6,29.94,0.0,179.65,116.77,62.88
ORD-2026-1053,2026-06-11,CUST-120,Wireless Headphones,Electronics,West,3,594.09,0.25,1336.7,1283.23,53.47
ORD-2026-1054,2026-04-18,CUST-150,Wireless Headphones,Electronics,West,1,169.76,0.25,127.32,122.23,5.09
ORD-2026-1055,2026-06-15,CUST-216,Smartphone,Electronics,South,5,250.63,0.25,939.86,902.27,37.59
ORD-2026-1056,2026-01-16,CUST-245,Wireless Headphones,Electronics,West,2,575.81,0.05,1094.04,829.17,264.87
ORD-2026-1057,2026-02-05,CUST-207,Smartphone,Electronics,South,3,247.51,0.0,742.53,534.62,207.91
ORD-2026-1058,2026-01-09,CUST-141,Smartphone,Electronics,North,1,386.22,0.0,386.22,278.08,108.14
ORD-2026-1059,2026-02-28,CUST-272,Desk Organizer,Office Supplies,South,2,50.3,0.0,100.6,65.39,35.21
ORD-2026-1060,2026-03-11,CUST-236,Bookshelf,Furniture,North,1,316.05,0.15,268.64,205.43,63.21
ORD-2026-1061,2026-02-18,CUST-251,Binder Clip Pack,Office Supplies,East,14,30.55,0.05,406.33,278.02,128.31
ORD-2026-1062,2026-05-30,CUST-266,Laptop,Electronics,North,3,321.15,0.35,626.25,693.69,-67.44
ORD-2026-1063,2026-03-06,CUST-274,Standing Desk,Furniture,East,3,135.39,0.1,365.55,264.01,101.54
ORD-2026-1064,2026-02-20,CUST-136,Smartwatch,Electronics,West,1,323.39,0.0,323.39,232.84,90.55
ORD-2026-1065,2026-04-08,CUST-284,Desk Lamp,Furniture,North,1,316.05,0.0,316.05,205.43,110.62
ORD-2026-1066,2026-01-26,CUST-217,Standing Desk,Furniture,North,2,300.91,0.0,601.81,391.18,210.63
ORD-2026-1067,2026-05-25,CUST-201,Ergonomic Chair,Furniture,East,2,446.76,0.0,893.53,580.79,312.74
ORD-2026-1068,2026-01-14,CUST-230,Bookshelf,Furniture,East,1,178.01,0.15,151.31,115.71,35.6
ORD-2026-1069,2026-06-27,CUST-229,Ergonomic Chair,Furniture,North,1,211.35,0.1,190.22,137.38,52.84
ORD-2026-1070,2026-05-20,CUST-166,Desk Lamp,Furniture,North,2,279.8,0.1,503.65,363.75,139.9
ORD-2026-1071,2026-02-05,CUST-101,Ergonomic Chair,Furniture,South,2,150.42,0.15,255.71,195.55,60.16
ORD-2026-1072,2026-01-01,CUST-296,Wireless Headphones,Electronics,East,4,522.16,0.0,2088.66,1503.84,584.82
ORD-2026-1073,2026-05-27,CUST-220,Wireless Headphones,Electronics,East,2,234.83,0.15,399.22,338.16,61.06
ORD-2026-1074,2026-05-08,CUST-129,Desk Organizer,Office Supplies,South,5,43.25,0.0,216.23,140.55,75.68
ORD-2026-1075,2026-05-12,CUST-207,Smartwatch,Electronics,West,4,136.14,0.35,353.96,392.08,-38.12
ORD-2026-1076,2026-05-19,CUST-131,Laptop,Electronics,South,2,532.07,0.35,691.69,766.18,-74.49
ORD-2026-1077,2026-01-14,CUST-250,Smartwatch,Electronics,South,5,277.44,0.0,1387.22,998.8,388.42
ORD-2026-1078,2026-03-06,CUST-174,Laptop,Electronics,South,1,427.06,0.0,427.06,307.48,119.58
ORD-2026-1079,2026-01-21,CUST-249,Pen Set,Office Supplies,South,8,40.03,0.0,320.24,208.16,112.08
ORD-2026-1080,2026-06-05,CUST-265,Standing Desk,Furniture,East,3,224.69,0.0,674.06,438.14,235.92
ORD-2026-1081,2026-04-23,CUST-106,Binder Clip Pack,Office Supplies,East,7,36.62,0.0,256.37,166.64,89.73
ORD-2026-1082,2026-03-01,CUST-119,Smartphone,Electronics,South,3,168.32,0.05,479.7,363.56,116.14
ORD-2026-1083,2026-01-12,CUST-194,Standing Desk,Furniture,West,2,129.03,0.0,258.07,167.75,90.32
ORD-2026-1084,2026-02-25,CUST-233,Standing Desk,Furniture,West,3,386.85,0.15,986.48,754.36,232.12
ORD-2026-1085,2026-02-28,CUST-167,Smartphone,Electronics,North,4,532.59,0.0,2130.35,1533.85,596.5
ORD-2026-1086,2026-05-12,CUST-119,Smartwatch,Electronics,West,5,406.72,0.35,1321.83,1464.18,-142.35
ORD-2026-1087,2026-04-25,CUST-159,Desk Lamp,Furniture,West,3,80.12,0.1,216.33,156.24,60.09
ORD-2026-1088,2026-06-09,CUST-225,Wireless Headphones,Electronics,North,2,635.18,0.15,1079.81,914.66,165.15
ORD-2026-1089,2026-03-26,CUST-198,Notebook,Office Supplies,East,8,24.87,0.0,198.94,129.31,69.63
ORD-2026-1090,2026-01-22,CUST-103,Smartwatch,Electronics,South,4,230.84,0.05,877.18,664.81,212.37
ORD-2026-1091,2026-05-09,CUST-223,Notebook,Office Supplies,North,14,21.04,0.0,294.56,191.46,103.1
ORD-2026-1092,2026-05-17,CUST-254,Pen Set,Office Supplies,North,14,54.33,0.0,760.62,494.4,266.22
ORD-2026-1093,2026-04-12,CUST-229,Standing Desk,Furniture,North,1,223.22,0.0,223.22,145.09,78.13
ORD-2026-1094,2026-05-19,CUST-219,Smartphone,Electronics,North,2,293.44,0.25,440.15,422.55,17.6
ORD-2026-1095,2026-03-30,CUST-181,Ergonomic Chair,Furniture,South,1,388.69,0.15,330.39,252.65,77.74
ORD-2026-1096,2026-04-05,CUST-248,Smartwatch,Electronics,South,4,194.99,0.25,584.96,561.56,23.4
ORD-2026-1097,2026-03-18,CUST-181,Binder Clip Pack,Office Supplies,North,3,16.36,0.0,49.08,31.9,17.18
ORD-2026-1098,2026-01-05,CUST-240,Ergonomic Chair,Furniture,East,2,398.04,0.1,716.47,517.45,199.02
ORD-2026-1099,2026-01-20,CUST-147,Smartwatch,Electronics,East,1,402.33,0.05,382.21,289.68,92.53
ORD-2026-1100,2026-01-06,CUST-133,Laptop,Electronics,West,5,352.45,0.05,1674.12,1268.81,405.31
ORD-2026-1101,2026-04-25,CUST-272,Laptop,Electronics,East,4,525.74,0.25,1577.22,1514.13,63.09
ORD-2026-1102,2026-02-26,CUST-186,Smartwatch,Electronics,West,5,504.62,0.0,2523.09,1816.62,706.47
ORD-2026-1103,2026-04-02,CUST-120,Ergonomic Chair,Furniture,West,1,118.99,0.15,101.14,77.34,23.8
ORD-2026-1104,2026-06-13,CUST-127,Wireless Headphones,Electronics,North,3,352.41,0.25,792.91,761.2,31.71
ORD-2026-1105,2026-02-14,CUST-211,Laptop,Electronics,North,2,678.24,0.0,1356.48,976.67,379.81
ORD-2026-1106,2026-03-15,CUST-277,Binder Clip Pack,Office Supplies,East,10,21.39,0.0,213.92,139.05,74.87
ORD-2026-1107,2026-05-16,CUST-218,Smartwatch,Electronics,East,1,631.16,0.35,410.25,454.44,-44.19
ORD-2026-1108,2026-02-11,CUST-217,Laptop,Electronics,South,3,250.19,0.1,675.5,540.4,135.1
ORD-2026-1109,2026-01-14,CUST-114,Desk Lamp,Furniture,East,2,380.35,0.0,760.71,494.46,266.25
ORD-2026-1110,2026-02-22,CUST-213,Laptop,Electronics,North,3,447.73,0.0,1343.2,967.1,376.1
ORD-2026-1111,2026-01-30,CUST-219,Pen Set,Office Supplies,West,4,43.8,0.05,166.44,113.88,52.56
ORD-2026-1112,2026-06-17,CUST-274,Pen Set,Office Supplies,West,2,53.07,0.0,106.14,68.99,37.15
ORD-2026-1113,2026-05-26,CUST-185,Smartphone,Electronics,North,4,764.83,0.15,2600.41,2202.7,397.71
ORD-2026-1114,2026-04-25,CUST-279,Notebook,Office Supplies,West,3,12.16,0.0,36.48,23.71,12.77
ORD-2026-1115,2026-06-06,CUST-270,Binder Clip Pack,Office Supplies,South,13,17.53,0.0,227.94,148.16,79.78
ORD-2026-1116,2026-05-25,CUST-129,Notebook,Office Supplies,South,4,24.88,0.0,99.51,64.68,34.83
ORD-2026-1117,2026-02-03,CUST-243,Binder Clip Pack,Office Supplies,West,9,31.69,0.0,285.21,185.39,99.82
ORD-2026-1118,2026-06-10,CUST-163,Desk Organizer,Office Supplies,East,9,59.59,0.0,536.31,348.6,187.71
ORD-2026-1119,2026-04-08,CUST-165,Binder Clip Pack,Office Supplies,South,8,47.12,0.0,376.94,245.01,131.93
ORD-2026-1120,2026-05-26,CUST-153,Smartphone,Electronics,South,2,466.85,0.35,606.91,672.26,-65.35
ORD-2026-1121,2026-06-11,CUST-243,Pen Set,Office Supplies,North,10,57.9,0.0,579.04,376.38,202.66
ORD-2026-1122,2026-02-27,CUST-224,Wireless Headphones,Electronics,South,2,551.64,0.0,1103.28,794.36,308.92
ORD-2026-1123,2026-01-20,CUST-153,Standing Desk,Furniture,West,1,299.43,0.1,269.49,194.63,74.86
ORD-2026-1124,2026-02-11,CUST-116,Ergonomic Chair,Furniture,North,1,141.75,0.0,141.75,92.14,49.61
ORD-2026-1125,2026-03-18,CUST-154,Desk Lamp,Furniture,South,1,347.66,0.1,312.89,225.98,86.91
ORD-2026-1126,2026-05-28,CUST-287,Desk Lamp,Furniture,East,2,330.29,0.1,594.53,429.38,165.15
ORD-2026-1127,2026-06-04,CUST-129,Notebook,Office Supplies,East,9,17.45,0.0,157.05,102.08,54.97
ORD-2026-1128,2026-01-02,CUST-282,Notebook,Office Supplies,East,14,35.86,0.0,502.09,326.36,175.73
ORD-2026-1129,2026-04-02,CUST-146,Ergonomic Chair,Furniture,North,3,161.63,0.15,412.15,315.17,96.98
ORD-2026-1130,2026-03-17,CUST-146,Desk Organizer,Office Supplies,North,7,18.67,0.0,130.72,84.97,45.75
ORD-2026-1131,2026-02-09,CUST-168,Laptop,Electronics,West,1,747.78,0.1,673.0,538.4,134.6
ORD-2026-1132,2026-01-22,CUST-217,Smartphone,Electronics,West,3,282.24,0.0,846.71,609.63,237.08
ORD-2026-1133,2026-03-02,CUST-145,Smartphone,Electronics,West,3,776.07,0.0,2328.2,1676.3,651.9
ORD-2026-1134,2026-06-19,CUST-291,Smartphone,Electronics,West,1,245.08,0.25,183.81,176.46,7.35
ORD-2026-1135,2026-02-28,CUST-228,Standing Desk,Furniture,East,3,98.44,0.0,295.32,191.96,103.36
ORD-2026-1136,2026-04-04,CUST-156,Desk Organizer,Office Supplies,East,13,17.95,0.0,233.29,151.64,81.65
ORD-2026-1137,2026-05-07,CUST-257,Desk Organizer,Office Supplies,South,9,10.67,0.0,96.03,62.42,33.61
ORD-2026-1138,2026-03-07,CUST-281,Wireless Headphones,Electronics,North,2,875.0,0.0,1750.01,1260.01,490.0
ORD-2026-1139,2026-06-24,CUST-206,Ergonomic Chair,Furniture,East,1,104.19,0.15,88.56,67.72,20.84
ORD-2026-1140,2026-06-23,CUST-106,Laptop,Electronics,East,2,349.92,0.25,524.89,503.89,21.0
ORD-2026-1141,2026-02-15,CUST-275,Wireless Headphones,Electronics,North,4,681.03,0.0,2724.13,1961.37,762.76
ORD-2026-1142,2026-03-31,CUST-120,Pen Set,Office Supplies,West,10,49.39,0.0,493.86,321.01,172.85
ORD-2026-1143,2026-02-24,CUST-188,Wireless Headphones,Electronics,East,1,302.95,0.0,302.95,218.12,84.83
ORD-2026-1144,2026-02-21,CUST-226,Desk Organizer,Office Supplies,South,3,15.7,0.0,47.11,30.62,16.49
ORD-2026-1145,2026-01-07,CUST-127,Wireless Headphones,Electronics,East,5,586.08,0.0,2930.42,2109.9,820.52
ORD-2026-1146,2026-04-20,CUST-297,Ergonomic Chair,Furniture,East,2,283.07,0.0,566.14,367.99,198.15
ORD-2026-1147,2026-04-01,CUST-197,Pen Set,Office Supplies,North,10,57.28,0.0,572.85,372.35,200.5
ORD-2026-1148,2026-01-10,CUST-137,Binder Clip Pack,Office Supplies,East,9,37.27,0.0,335.44,218.04,117.4
ORD-2026-1149,2026-02-20,CUST-234,Pen Set,Office Supplies,West,2,49.7,0.0,99.4,64.61,34.79
ORD-2026-1150,2026-06-13,CUST-178,Pen Set,Office Supplies,South,7,47.84,0.0,334.86,217.66,117.2
ORD-2026-1151,2026-02-13,CUST-125,Desk Organizer,Office Supplies,North,9,57.33,0.05,490.19,335.39,154.8
ORD-2026-1152,2026-01-27,CUST-105,Standing Desk,Furniture,North,1,251.65,0.0,251.65,163.57,88.08
ORD-2026-1153,2026-03-30,CUST-110,Wireless Headphones,Electronics,West,3,454.34,0.0,1363.01,981.37,381.64
ORD-2026-1154,2026-06-27,CUST-184,Laptop,Electronics,North,1,356.98,0.25,267.74,257.03,10.71
ORD-2026-1155,2026-02-13,CUST-297,Smartphone,Electronics,South,2,882.07,0.0,1764.14,1270.18,493.96
ORD-2026-1156,2026-05-01,CUST-139,Binder Clip Pack,Office Supplies,East,12,28.16,0.0,337.86,219.61,118.25
ORD-2026-1157,2026-05-18,CUST-275,Desk Lamp,Furniture,North,1,148.16,0.1,133.34,96.3,37.04
ORD-2026-1158,2026-02-12,CUST-111,Smartwatch,Electronics,East,3,924.2,0.05,2633.98,1996.28,637.7
ORD-2026-1159,2026-05-12,CUST-257,Bookshelf,Furniture,West,3,234.57,0.0,703.71,457.41,246.3
ORD-2026-1160,2026-03-08,CUST-126,Desk Lamp,Furniture,West,3,442.52,0.0,1327.56,862.91,464.65
ORD-2026-1161,2026-04-24,CUST-232,Bookshelf,Furniture,South,2,346.16,0.0,692.32,450.01,242.31
ORD-2026-1162,2026-04-25,CUST-159,Desk Organizer,Office Supplies,West,3,50.95,0.0,152.86,99.36,53.5
ORD-2026-1163,2026-04-07,CUST-230,Wireless Headphones,Electronics,West,1,550.49,0.25,412.87,396.35,16.52
ORD-2026-1164,2026-01-17,CUST-260,Pen Set,Office Supplies,North,9,45.6,0.0,410.41,266.77,143.64
ORD-2026-1165,2026-05-31,CUST-284,Smartwatch,Electronics,West,2,608.22,0.35,790.69,875.84,-85.15
ORD-2026-1166,2026-02-27,CUST-190,Desk Lamp,Furniture,South,3,391.34,0.15,997.91,763.11,234.8
ORD-2026-1167,2026-02-03,CUST-255,Desk Lamp,Furniture,East,3,119.35,0.1,322.24,232.73,89.51
ORD-2026-1168,2026-01-08,CUST-290,Standing Desk,Furniture,West,3,164.06,0.0,492.17,319.91,172.26
ORD-2026-1169,2026-04-17,CUST-216,Laptop,Electronics,South,5,323.28,0.15,1373.96,1163.82,210.14
ORD-2026-1170,2026-05-02,CUST-176,Desk Lamp,Furniture,West,3,402.35,0.15,1025.98,784.58,241.4
ORD-2026-1171,2026-01-03,CUST-197,Binder Clip Pack,Office Supplies,West,8,43.54,0.0,348.29,226.39,121.9
ORD-2026-1172,2026-04-03,CUST-129,Standing Desk,Furniture,North,2,221.2,0.0,442.39,287.55,154.84
ORD-2026-1173,2026-02-10,CUST-201,Binder Clip Pack,Office Supplies,South,9,12.1,0.0,108.91,70.79,38.12
ORD-2026-1174,2026-04-27,CUST-127,Smartwatch,Electronics,East,3,761.14,0.35,1484.22,1644.06,-159.84
ORD-2026-1175,2026-02-01,CUST-118,Wireless Headphones,Electronics,East,4,597.35,0.05,2269.92,1720.36,549.56
ORD-2026-1176,2026-05-05,CUST-129,Pen Set,Office Supplies,North,5,16.01,0.0,80.06,52.04,28.02
ORD-2026-1177,2026-03-11,CUST-286,Smartphone,Electronics,South,3,391.01,0.0,1173.04,844.59,328.45
ORD-2026-1178,2026-06-18,CUST-209,Ergonomic Chair,Furniture,North,2,414.07,0.1,745.33,538.29,207.04
ORD-2026-1179,2026-01-25,CUST-275,Smartwatch,Electronics,North,5,213.18,0.05,1012.59,767.43,245.16
ORD-2026-1180,2026-03-03,CUST-168,Wireless Headphones,Electronics,North,5,781.33,0.0,3906.64,2812.78,1093.86
ORD-2026-1181,2026-01-21,CUST-236,Smartphone,Electronics,East,5,241.95,0.0,1209.73,871.01,338.72
ORD-2026-1182,2026-06-16,CUST-267,Ergonomic Chair,Furniture,North,1,433.66,0.1,390.29,281.88,108.41
ORD-2026-1183,2026-06-07,CUST-192,Smartwatch,Electronics,South,3,213.22,0.35,415.77,460.55,-44.78
ORD-2026-1184,2026-02-16,CUST-154,Smartphone,Electronics,East,5,623.36,0.05,2960.95,2244.09,716.86
ORD-2026-1185,2026-04-29,CUST-293,Desk Lamp,Furniture,North,3,371.1,0.1,1001.96,723.64,278.32
ORD-2026-1186,2026-05-28,CUST-160,Wireless Headphones,Electronics,East,1,455.11,0.15,386.84,327.68,59.16
ORD-2026-1187,2026-04-10,CUST-192,Standing Desk,Furniture,West,2,168.38,0.15,286.24,218.89,67.35
ORD-2026-1188,2026-04-06,CUST-276,Bookshelf,Furniture,North,1,305.99,0.0,305.99,198.89,107.1
ORD-2026-1189,2026-02-13,CUST-196,Standing Desk,Furniture,West,3,98.31,0.15,250.7,191.71,58.99
ORD-2026-1190,2026-01-17,CUST-225,Smartphone,Electronics,South,2,324.81,0.0,649.62,467.73,181.89
ORD-2026-1191,2026-06-11,CUST-266,Smartwatch,Electronics,North,5,527.8,0.25,1979.24,1900.07,79.17
ORD-2026-1192,2026-06-12,CUST-226,Bookshelf,Furniture,South,3,339.84,0.0,1019.51,662.68,356.83
ORD-2026-1193,2026-04-24,CUST-111,Smartphone,Electronics,South,5,601.79,0.35,1955.81,2166.44,-210.63
ORD-2026-1194,2026-03-03,CUST-252,Ergonomic Chair,Furniture,West,2,433.37,0.1,780.07,563.38,216.69
ORD-2026-1195,2026-03-04,CUST-181,Bookshelf,Furniture,East,1,386.95,0.1,348.25,251.52,96.73
ORD-2026-1196,2026-05-11,CUST-255,Smartwatch,Electronics,South,2,422.29,0.15,717.89,608.1,109.79
ORD-2026-1197,2026-06-11,CUST-101,Ergonomic Chair,Furniture,North,3,109.67,0.1,296.1,213.85,82.25
ORD-2026-1198,2026-06-09,CUST-150,Ergonomic Chair,Furniture,East,1,408.57,0.0,408.57,265.57,143.0
ORD-2026-1199,2026-05-21,CUST-101,Notebook,Office Supplies,North,7,18.59,0.0,130.15,84.6,45.55
ORD-2026-1200,2026-04-26,CUST-111,Bookshelf,Furniture,South,1,132.59,0.1,119.33,86.18,33.15
ORD-2026-1201,2026-01-16,CUST-148,Smartphone,Electronics,North,5,469.49,0.0,2347.47,1690.18,657.29
ORD-2026-1202,2026-01-30,CUST-206,Smartphone,Electronics,East,4,671.83,0.0,2687.33,1934.88,752.45
ORD-2026-1203,2026-06-11,CUST-287,Bookshelf,Furniture,North,2,280.74,0.1,505.33,364.96,140.37
ORD-2026-1204,2026-04-20,CUST-203,Smartwatch,Electronics,West,1,685.56,0.25,514.17,493.6,20.57
ORD-2026-1205,2026-01-02,CUST-251,Desk Organizer,Office Supplies,South,5,40.05,0.0,200.27,130.18,70.09
ORD-2026-1206,2026-01-19,CUST-292,Smartwatch,Electronics,North,5,666.59,0.05,3166.31,2399.73,766.58
ORD-2026-1207,2026-04-30,CUST-225,Binder Clip Pack,Office Supplies,North,13,42.29,0.0,549.78,357.36,192.42
ORD-2026-1208,2026-01-01,CUST-283,Ergonomic Chair,Furniture,East,2,304.14,0.15,517.04,395.38,121.66
ORD-2026-1209,2026-01-29,CUST-219,Notebook,Office Supplies,North,3,18.37,0.0,55.1,35.82,19.28
ORD-2026-1210,2026-04-09,CUST-206,Binder Clip Pack,Office Supplies,West,12,29.21,0.0,350.52,227.84,122.68
ORD-2026-1211,2026-05-05,CUST-129,Laptop,Electronics,South,5,328.46,0.25,1231.74,1182.47,49.27
ORD-2026-1212,2026-04-28,CUST-233,Laptop,Electronics,North,5,750.08,0.25,2812.81,2700.3,112.51
ORD-2026-1213,2026-02-10,CUST-244,Desk Lamp,Furniture,South,3,112.63,0.15,287.21,219.63,67.58
ORD-2026-1214,2026-05-09,CUST-261,Smartwatch,Electronics,East,1,765.95,0.25,574.46,551.48,22.98
ORD-2026-1215,2026-02-12,CUST-208,Smartphone,Electronics,West,2,502.35,0.05,954.47,723.39,231.08
ORD-2026-1216,2026-02-28,CUST-202,Smartphone,Electronics,South,5,691.91,0.1,3113.6,2490.88,622.72
ORD-2026-1217,2026-05-15,CUST-197,Ergonomic Chair,Furniture,East,3,131.5,0.0,394.51,256.43,138.08
ORD-2026-1218,2026-04-27,CUST-251,Bookshelf,Furniture,East,2,351.79,0.1,633.23,457.33,175.9
ORD-2026-1219,2026-06-02,CUST-263,Ergonomic Chair,Furniture,East,1,134.75,0.0,134.75,87.59,47.16
ORD-2026-1220,2026-04-29,CUST-146,Binder Clip Pack,Office Supplies,West,12,55.47,0.0,665.67,432.69,232.98
ORD-2026-1221,2026-04-13,CUST-119,Notebook,Office Supplies,East,6,37.47,0.0,224.8,146.12,78.68
ORD-2026-1222,2026-01-17,CUST-207,Standing Desk,Furniture,West,3,135.05,0.1,364.64,263.35,101.29
ORD-2026-1223,2026-03-08,CUST-289,Desk Lamp,Furniture,South,2,191.91,0.1,345.43,249.48,95.95
ORD-2026-1224,2026-02-17,CUST-278,Binder Clip Pack,Office Supplies,East,4,55.94,0.0,223.75,145.44,78.31
ORD-2026-1225,2026-02-13,CUST-262,Binder Clip Pack,Office Supplies,South,5,51.38,0.05,244.04,166.97,77.07
ORD-2026-1226,2026-06-25,CUST-195,Smartphone,Electronics,North,1,125.08,0.35,81.3,90.06,-8.76
ORD-2026-1227,2026-03-12,CUST-288,Wireless Headphones,Electronics,West,5,508.66,0.1,2288.95,1831.16,457.79
ORD-2026-1228,2026-06-10,CUST-153,Desk Organizer,Office Supplies,East,7,56.46,0.0,395.24,256.91,138.33
ORD-2026-1229,2026-04-24,CUST-134,Desk Lamp,Furniture,North,2,212.72,0.0,425.45,276.54,148.91
ORD-2026-1230,2026-05-24,CUST-212,Smartphone,Electronics,East,2,772.8,0.25,1159.2,1112.83,46.37
ORD-2026-1231,2026-04-01,CUST-242,Laptop,Electronics,North,1,607.04,0.25,455.28,437.07,18.21
ORD-2026-1232,2026-04-14,CUST-263,Smartwatch,Electronics,West,1,662.18,0.35,430.42,476.77,-46.35
ORD-2026-1233,2026-03-30,CUST-103,Bookshelf,Furniture,North,2,260.42,0.0,520.84,338.55,182.29
ORD-2026-1234,2026-02-05,CUST-272,Standing Desk,Furniture,South,2,283.18,0.15,481.41,368.13,113.28
ORD-2026-1235,2026-05-11,CUST-218,Ergonomic Chair,Furniture,West,2,273.35,0.0,546.71,355.36,191.35
ORD-2026-1236,2026-02-20,CUST-283,Desk Organizer,Office Supplies,East,3,12.51,0.0,37.53,24.39,13.14
ORD-2026-1237,2026-01-05,CUST-152,Smartwatch,Electronics,West,3,471.04,0.0,1413.13,1017.45,395.68
ORD-2026-1238,2026-04-27,CUST-118,Notebook,Office Supplies,East,6,58.95,0.0,353.69,229.9,123.79
ORD-2026-1239,2026-02-01,CUST-299,Standing Desk,Furniture,North,2,346.32,0.0,692.65,450.22,242.43
ORD-2026-1240,2026-06-19,CUST-251,Desk Lamp,Furniture,East,2,169.51,0.15,288.18,220.37,67.81
ORD-2026-1241,2026-06-21,CUST-258,Laptop,Electronics,South,2,216.73,0.25,325.09,312.08,13.01
ORD-2026-1242,2026-06-14,CUST-178,Laptop,Electronics,West,1,596.45,0.35,387.69,429.44,-41.75
ORD-2026-1243,2026-03-08,CUST-149,Smartphone,Electronics,South,1,187.48,0.0,187.48,134.99,52.49
ORD-2026-1244,2026-01-03,CUST-220,Standing Desk,Furniture,North,1,354.13,0.15,301.01,230.18,70.83
ORD-2026-1245,2026-06-17,CUST-242,Wireless Headphones,Electronics,East,4,691.46,0.35,1797.78,1991.39,-193.61
ORD-2026-1246,2026-03-19,CUST-244,Binder Clip Pack,Office Supplies,West,13,28.87,0.0,375.26,243.92,131.34
ORD-2026-1247,2026-06-23,CUST-237,Standing Desk,Furniture,East,1,424.16,0.1,381.74,275.7,106.04
ORD-2026-1248,2026-06-23,CUST-110,Smartphone,Electronics,East,1,560.15,0.15,476.13,403.31,72.82
ORD-2026-1249,2026-06-03,CUST-239,Binder Clip Pack,Office Supplies,West,5,23.45,0.0,117.24,76.21,41.03
ORD-2026-1250,2026-02-23,CUST-198,Notebook,Office Supplies,South,13,57.84,0.05,714.32,488.75,225.57
ORD-2026-1251,2026-03-11,CUST-112,Standing Desk,Furniture,East,1,365.19,0.0,365.19,237.37,127.82
ORD-2026-1252,2026-06-03,CUST-153,Ergonomic Chair,Furniture,South,1,346.27,0.1,311.64,225.08,86.56
ORD-2026-1253,2026-02-27,CUST-107,Notebook,Office Supplies,East,14,47.7,0.0,667.82,434.08,233.74
ORD-2026-1254,2026-01-31,CUST-153,Standing Desk,Furniture,East,1,440.6,0.1,396.54,286.39,110.15
ORD-2026-1255,2026-04-11,CUST-217,Smartwatch,Electronics,North,5,151.21,0.15,642.65,544.36,98.29
ORD-2026-1256,2026-06-18,CUST-123,Notebook,Office Supplies,North,14,51.77,0.0,724.84,471.15,253.69
ORD-2026-1257,2026-05-06,CUST-201,Notebook,Office Supplies,North,10,30.68,0.0,306.82,199.43,107.39
ORD-2026-1258,2026-04-13,CUST-287,Standing Desk,Furniture,North,1,348.2,0.15,295.97,226.33,69.64
ORD-2026-1259,2026-01-18,CUST-285,Smartphone,Electronics,South,1,769.19,0.0,769.19,553.82,215.37
ORD-2026-1260,2026-04-21,CUST-233,Pen Set,Office Supplies,North,10,48.51,0.0,485.08,315.3,169.78
ORD-2026-1261,2026-06-28,CUST-156,Desk Lamp,Furniture,North,2,366.06,0.0,732.12,475.88,256.24
ORD-2026-1262,2026-01-26,CUST-210,Smartwatch,Electronics,East,5,680.41,0.1,3061.83,2449.46,612.37
ORD-2026-1263,2026-04-04,CUST-144,Desk Lamp,Furniture,West,1,369.78,0.0,369.78,240.36,129.42
ORD-2026-1264,2026-06-07,CUST-255,Smartwatch,Electronics,West,5,588.85,0.15,2502.6,2119.85,382.75
ORD-2026-1265,2026-05-14,CUST-218,Desk Lamp,Furniture,South,2,101.4,0.15,172.38,131.82,40.56
ORD-2026-1266,2026-05-06,CUST-116,Desk Organizer,Office Supplies,East,13,42.23,0.0,548.98,356.84,192.14
ORD-2026-1267,2026-05-07,CUST-144,Smartwatch,Electronics,East,1,710.83,0.35,462.04,511.8,-49.76
ORD-2026-1268,2026-03-06,CUST-164,Smartphone,Electronics,West,4,658.76,0.05,2503.31,1897.24,606.07
ORD-2026-1269,2026-02-22,CUST-273,Smartwatch,Electronics,South,1,729.98,0.05,693.48,525.59,167.89
ORD-2026-1270,2026-05-26,CUST-153,Smartphone,Electronics,West,1,449.24,0.25,336.93,323.45,13.48
ORD-2026-1271,2026-05-26,CUST-145,Standing Desk,Furniture,South,1,169.5,0.15,144.07,110.17,33.9
ORD-2026-1272,2026-06-06,CUST-102,Laptop,Electronics,West,2,622.12,0.15,1057.6,895.85,161.75
ORD-2026-1273,2026-06-14,CUST-174,Smartphone,Electronics,South,4,711.87,0.35,1850.88,2050.2,-199.32
ORD-2026-1274,2026-04-03,CUST-198,Binder Clip Pack,Office Supplies,South,10,42.96,0.0,429.56,279.21,150.35
ORD-2026-1275,2026-04-01,CUST-200,Desk Lamp,Furniture,East,1,443.02,0.0,443.02,287.96,155.06
ORD-2026-1276,2026-05-24,CUST-103,Bookshelf,Furniture,North,2,159.16,0.15,270.58,206.91,63.67
ORD-2026-1277,2026-04-27,CUST-179,Notebook,Office Supplies,West,12,57.19,0.0,686.22,446.04,240.18
ORD-2026-1278,2026-05-07,CUST-164,Binder Clip Pack,Office Supplies,South,5,52.71,0.0,263.56,171.31,92.25
ORD-2026-1279,2026-05-24,CUST-143,Ergonomic Chair,Furniture,North,2,289.08,0.15,491.44,375.8,115.64
ORD-2026-1280,2026-06-10,CUST-270,Laptop,Electronics,East,4,370.3,0.15,1259.03,1066.47,192.56
ORD-2026-1281,2026-03-02,CUST-254,Laptop,Electronics,South,3,828.43,0.0,2485.3,1789.42,695.88
ORD-2026-1282,2026-03-09,CUST-254,Wireless Headphones,Electronics,West,4,150.35,0.0,601.42,433.02,168.4
ORD-2026-1283,2026-01-17,CUST-247,Notebook,Office Supplies,North,2,48.05,0.0,96.1,62.46,33.64
ORD-2026-1284,2026-04-15,CUST-117,Binder Clip Pack,Office Supplies,North,11,32.22,0.0,354.4,230.36,124.04
ORD-2026-1285,2026-01-07,CUST-100,Notebook,Office Supplies,East,5,27.93,0.05,132.66,90.77,41.89
ORD-2026-1286,2026-03-25,CUST-204,Smartphone,Electronics,West,3,172.02,0.0,516.05,371.56,144.49
ORD-2026-1287,2026-04-08,CUST-167,Smartphone,Electronics,North,5,691.6,0.15,2939.31,2489.77,449.54
ORD-2026-1288,2026-02-21,CUST-208,Bookshelf,Furniture,East,2,238.18,0.15,404.9,309.63,95.27
ORD-2026-1289,2026-04-17,CUST-231,Wireless Headphones,Electronics,West,5,677.88,0.25,2542.04,2440.36,101.68
ORD-2026-1290,2026-01-06,CUST-211,Desk Organizer,Office Supplies,South,14,20.23,0.0,283.28,184.13,99.15
ORD-2026-1291,2026-01-07,CUST-114,Wireless Headphones,Electronics,North,3,658.83,0.0,1976.5,1423.08,553.42
ORD-2026-1292,2026-05-29,CUST-263,Notebook,Office Supplies,South,9,50.54,0.0,454.9,295.69,159.21
ORD-2026-1293,2026-03-06,CUST-280,Desk Lamp,Furniture,South,2,385.17,0.15,654.79,500.72,154.07
ORD-2026-1294,2026-01-23,CUST-156,Wireless Headphones,Electronics,West,5,463.46,0.05,2201.43,1668.46,532.97
ORD-2026-1295,2026-04-05,CUST-202,Desk Lamp,Furniture,South,2,100.21,0.0,200.43,130.28,70.15
ORD-2026-1296,2026-05-19,CUST-137,Smartphone,Electronics,South,4,702.07,0.35,1825.4,2021.98,-196.58
ORD-2026-1297,2026-02-08,CUST-129,Desk Lamp,Furniture,East,3,393.92,0.1,1063.58,768.14,295.44
ORD-2026-1298,2026-04-23,CUST-222,Smartphone,Electronics,North,1,301.06,0.25,225.8,216.76,9.04
ORD-2026-1299,2026-01-16,CUST-299,Desk Organizer,Office Supplies,West,6,47.71,0.0,286.27,186.08,100.19
ORD-2026-1300,2026-01-10,CUST-108,Bookshelf,Furniture,South,3,358.92,0.0,1076.75,699.89,376.86
ORD-2026-1301,2026-04-06,CUST-210,Smartwatch,Electronics,North,4,297.05,0.35,772.34,855.52,-83.18
ORD-2026-1302,2026-04-08,CUST-135,Ergonomic Chair,Furniture,East,3,368.87,0.1,995.95,719.3,276.65
ORD-2026-1303,2026-04-25,CUST-100,Binder Clip Pack,Office Supplies,West,8,44.86,0.0,358.88,233.27,125.61
ORD-2026-1304,2026-05-11,CUST-268,Laptop,Electronics,East,1,688.27,0.15,585.03,495.55,89.48
ORD-2026-1305,2026-06-25,CUST-162,Smartphone,Electronics,North,5,559.34,0.35,1817.84,2013.61,-195.77
ORD-2026-1306,2026-04-03,CUST-114,Desk Organizer,Office Supplies,East,2,57.35,0.0,114.71,74.56,40.15
ORD-2026-1307,2026-02-28,CUST-262,Desk Lamp,Furniture,East,3,222.21,0.1,599.97,433.31,166.66
ORD-2026-1308,2026-05-24,CUST-256,Laptop,Electronics,East,4,676.19,0.25,2028.57,1947.43,81.14
ORD-2026-1309,2026-02-18,CUST-126,Notebook,Office Supplies,South,6,37.04,0.0,222.22,144.44,77.78
ORD-2026-1310,2026-03-21,CUST-179,Desk Lamp,Furniture,North,3,376.0,0.15,958.8,733.2,225.6
ORD-2026-1311,2026-01-15,CUST-219,Laptop,Electronics,West,4,691.72,0.0,2766.89,1992.16,774.73
ORD-2026-1312,2026-01-05,CUST-213,Notebook,Office Supplies,East,9,22.52,0.05,192.57,131.76,60.81
ORD-2026-1313,2026-06-23,CUST-212,Binder Clip Pack,Office Supplies,East,9,22.38,0.0,201.38,130.9,70.48
ORD-2026-1314,2026-05-31,CUST-104,Smartphone,Electronics,South,1,354.54,0.35,230.45,255.27,-24.82
ORD-2026-1315,2026-05-06,CUST-211,Standing Desk,Furniture,East,1,171.44,0.0,171.44,111.44,60.0
ORD-2026-1316,2026-03-15,CUST-183,Laptop,Electronics,South,4,195.27,0.1,702.96,562.37,140.59
ORD-2026-1317,2026-02-01,CUST-247,Bookshelf,Furniture,North,2,368.97,0.1,664.15,479.66,184.49
ORD-2026-1318,2026-01-29,CUST-116,Laptop,Electronics,West,2,881.78,0.0,1763.57,1269.77,493.8
ORD-2026-1319,2026-02-15,CUST-268,Laptop,Electronics,North,5,472.88,0.0,2364.4,1702.37,662.03
ORD-2026-1320,2026-04-09,CUST-134,Smartphone,Electronics,South,2,296.37,0.25,444.55,426.77,17.78
ORD-2026-1321,2026-05-09,CUST-138,Smartwatch,Electronics,South,2,575.49,0.25,863.24,828.71,34.53
ORD-2026-1322,2026-04-29,CUST-183,Wireless Headphones,Electronics,West,4,318.02,0.25,954.07,915.9,38.17
ORD-2026-1323,2026-02-20,CUST-126,Laptop,Electronics,North,3,162.09,0.0,486.27,350.11,136.16
ORD-2026-1324,2026-06-21,CUST-101,Ergonomic Chair,Furniture,East,3,295.92,0.0,887.75,577.04,310.71
ORD-2026-1325,2026-05-13,CUST-249,Notebook,Office Supplies,North,6,32.45,0.05,184.99,126.57,58.42
ORD-2026-1326,2026-04-10,CUST-127,Notebook,Office Supplies,North,3,39.38,0.0,118.14,76.79,41.35
ORD-2026-1327,2026-04-21,CUST-263,Ergonomic Chair,Furniture,East,3,173.65,0.15,442.8,338.61,104.19
ORD-2026-1328,2026-03-17,CUST-213,Standing Desk,Furniture,North,2,328.81,0.0,657.62,427.45,230.17
ORD-2026-1329,2026-02-14,CUST-210,Standing Desk,Furniture,North,3,356.9,0.15,910.1,695.96,214.14
ORD-2026-1330,2026-03-06,CUST-116,Smartphone,Electronics,South,3,500.71,0.0,1502.12,1081.53,420.59
ORD-2026-1331,2026-05-17,CUST-250,Ergonomic Chair,Furniture,North,3,344.2,0.0,1032.6,671.19,361.41
ORD-2026-1332,2026-01-03,CUST-142,Smartwatch,Electronics,North,1,348.7,0.0,348.7,251.06,97.64
ORD-2026-1333,2026-01-21,CUST-115,Smartwatch,Electronics,South,2,489.82,0.0,979.63,705.33,274.3
ORD-2026-1334,2026-01-09,CUST-162,Smartwatch,Electronics,South,3,857.97,0.0,2573.91,1853.22,720.69
ORD-2026-1335,2026-01-08,CUST-107,Standing Desk,Furniture,South,3,270.04,0.1,729.1,526.57,202.53
ORD-2026-1336,2026-06-03,CUST-212,Laptop,Electronics,South,3,258.28,0.25,581.13,557.88,23.25
ORD-2026-1337,2026-05-07,CUST-101,Notebook,Office Supplies,West,9,43.32,0.0,389.91,253.44,136.47
ORD-2026-1338,2026-03-27,CUST-136,Bookshelf,Furniture,East,2,388.45,0.1,699.21,504.99,194.22
ORD-2026-1339,2026-01-18,CUST-103,Pen Set,Office Supplies,West,12,24.62,0.0,295.43,192.03,103.4
ORD-2026-1340,2026-03-30,CUST-102,Bookshelf,Furniture,North,3,261.71,0.0,785.12,510.33,274.79
ORD-2026-1341,2026-03-27,CUST-232,Standing Desk,Furniture,South,1,421.89,0.0,421.89,274.23,147.66
ORD-2026-1342,2026-02-01,CUST-182,Desk Organizer,Office Supplies,East,14,54.08,0.05,719.32,492.17,227.15
ORD-2026-1343,2026-03-20,CUST-122,Smartphone,Electronics,North,3,889.65,0.0,2668.95,1921.64,747.31
ORD-2026-1344,2026-03-13,CUST-145,Smartphone,Electronics,South,1,812.84,0.05,772.2,585.24,186.96
ORD-2026-1345,2026-04-21,CUST-138,Desk Organizer,Office Supplies,East,2,41.61,0.0,83.22,54.09,29.13
ORD-2026-1346,2026-04-25,CUST-138,Smartphone,Electronics,North,3,380.63,0.35,742.23,822.16,-79.93
ORD-2026-1347,2026-01-09,CUST-294,Laptop,Electronics,East,4,857.5,0.05,3258.5,2469.6,788.9
ORD-2026-1348,2026-03-09,CUST-259,Bookshelf,Furniture,East,1,139.34,0.0,139.34,90.57,48.77
ORD-2026-1349,2026-04-23,CUST-293,Bookshelf,Furniture,South,3,238.96,0.0,716.87,465.97,250.9
ORD-2026-1350,2026-04-01,CUST-225,Desk Lamp,Furniture,South,1,139.7,0.0,139.7,90.8,48.9
ORD-2026-1351,2026-06-04,CUST-261,Laptop,Electronics,West,4,202.7,0.25,608.1,583.78,24.32
ORD-2026-1352,2026-04-29,CUST-246,Desk Lamp,Furniture,South,3,141.76,0.0,425.29,276.44,148.85
ORD-2026-1353,2026-01-30,CUST-132,Laptop,Electronics,West,5,643.04,0.0,3215.2,2314.94,900.26
ORD-2026-1354,2026-01-13,CUST-277,Bookshelf,Furniture,East,2,232.39,0.0,464.78,302.11,162.67
ORD-2026-1355,2026-04-26,CUST-163,Smartphone,Electronics,West,5,537.21,0.25,2014.54,1933.96,80.58
ORD-2026-1356,2026-01-05,CUST-125,Binder Clip Pack,Office Supplies,North,8,44.6,0.0,356.83,231.94,124.89
ORD-2026-1357,2026-04-16,CUST-116,Binder Clip Pack,Office Supplies,East,2,57.57,0.0,115.14,74.84,40.3
ORD-2026-1358,2026-06-19,CUST-125,Binder Clip Pack,Office Supplies,South,6,38.03,0.0,228.2,148.33,79.87
ORD-2026-1359,2026-04-14,CUST-185,Smartphone,Electronics,East,1,580.41,0.25,435.31,417.9,17.41
ORD-2026-1360,2026-03-11,CUST-182,Binder Clip Pack,Office Supplies,North,8,24.28,0.0,194.2,126.23,67.97
ORD-2026-1361,2026-04-26,CUST-156,Notebook,Office Supplies,West,6,33.32,0.0,199.89,129.93,69.96
ORD-2026-1362,2026-03-24,CUST-284,Binder Clip Pack,Office Supplies,North,9,20.4,0.05,174.4,119.33,55.07
ORD-2026-1363,2026-04-09,CUST-176,Bookshelf,Furniture,North,1,319.88,0.0,319.88,207.92,111.96
ORD-2026-1364,2026-06-19,CUST-182,Binder Clip Pack,Office Supplies,North,11,57.13,0.0,628.4,408.46,219.94
ORD-2026-1365,2026-03-11,CUST-215,Laptop,Electronics,South,4,204.97,0.0,819.88,590.31,229.57
ORD-2026-1366,2026-06-23,CUST-148,Wireless Headphones,Electronics,East,3,128.49,0.35,250.55,277.53,-26.98
ORD-2026-1367,2026-06-12,CUST-157,Wireless Headphones,Electronics,West,1,629.96,0.25,472.47,453.57,18.9
ORD-2026-1368,2026-02-05,CUST-291,Notebook,Office Supplies,South,5,43.87,0.0,219.37,142.59,76.78
ORD-2026-1369,2026-01-13,CUST-244,Bookshelf,Furniture,North,2,152.14,0.1,273.85,197.78,76.07
ORD-2026-1370,2026-01-19,CUST-161,Wireless Headphones,Electronics,East,4,673.31,0.05,2558.56,1939.12,619.44
ORD-2026-1371,2026-01-04,CUST-286,Laptop,Electronics,South,3,720.22,0.0,2160.67,1555.68,604.99
ORD-2026-1372,2026-01-17,CUST-277,Pen Set,Office Supplies,West,2,35.35,0.0,70.71,45.96,24.75
ORD-2026-1373,2026-05-03,CUST-137,Laptop,Electronics,South,1,751.77,0.15,639.0,541.27,97.73
ORD-2026-1374,2026-01-13,CUST-255,Bookshelf,Furniture,West,1,315.46,0.1,283.91,205.05,78.86
ORD-2026-1375,2026-02-27,CUST-280,Standing Desk,Furniture,North,2,300.26,0.0,600.52,390.34,210.18
ORD-2026-1376,2026-06-02,CUST-200,Desk Organizer,Office Supplies,South,9,59.17,0.0,532.49,346.12,186.37
ORD-2026-1377,2026-01-05,CUST-224,Ergonomic Chair,Furniture,South,3,91.53,0.0,274.58,178.48,96.1
ORD-2026-1378,2026-05-27,CUST-155,Binder Clip Pack,Office Supplies,West,3,41.5,0.0,124.51,80.93,43.58
ORD-2026-1379,2026-02-20,CUST-101,Smartwatch,Electronics,South,5,870.77,0.05,4136.15,3134.76,1001.39
ORD-2026-1380,2026-01-22,CUST-142,Ergonomic Chair,Furniture,East,3,104.88,0.15,267.45,204.52,62.93
ORD-2026-1381,2026-05-06,CUST-194,Binder Clip Pack,Office Supplies,West,14,52.9,0.0,740.62,481.4,259.22
ORD-2026-1382,2026-04-24,CUST-281,Smartphone,Electronics,South,3,753.52,0.25,1695.42,1627.6,67.82
ORD-2026-1383,2026-06-07,CUST-251,Bookshelf,Furniture,North,2,195.51,0.0,391.03,254.17,136.86
ORD-2026-1384,2026-05-13,CUST-102,Desk Lamp,Furniture,South,3,129.08,0.0,387.24,251.71,135.53
ORD-2026-1385,2026-05-25,CUST-118,Ergonomic Chair,Furniture,South,1,224.52,0.1,202.07,145.94,56.13
ORD-2026-1386,2026-02-20,CUST-238,Standing Desk,Furniture,North,3,294.17,0.15,750.13,573.63,176.5
ORD-2026-1387,2026-02-01,CUST-111,Binder Clip Pack,Office Supplies,East,6,41.65,0.05,237.42,162.45,74.97
ORD-2026-1388,2026-05-16,CUST-131,Standing Desk,Furniture,West,1,344.59,0.1,310.13,223.98,86.15
ORD-2026-1389,2026-05-26,CUST-271,Standing Desk,Furniture,South,3,399.55,0.15,1018.84,779.12,239.72
ORD-2026-1390,2026-06-28,CUST-182,Ergonomic Chair,Furniture,East,2,440.47,0.0,880.94,572.61,308.33
ORD-2026-1391,2026-03-16,CUST-274,Bookshelf,Furniture,East,2,146.36,0.0,292.72,190.27,102.45
ORD-2026-1392,2026-03-08,CUST-142,Standing Desk,Furniture,North,1,87.08,0.1,78.37,56.6,21.77
ORD-2026-1393,2026-05-20,CUST-189,Desk Lamp,Furniture,West,3,435.54,0.1,1175.96,849.3,326.66
ORD-2026-1394,2026-03-03,CUST-125,Ergonomic Chair,Furniture,East,2,388.5,0.15,660.46,505.06,155.4
ORD-2026-1395,2026-06-17,CUST-257,Desk Lamp,Furniture,South,1,99.24,0.0,99.24,64.51,34.73
ORD-2026-1396,2026-06-04,CUST-144,Desk Organizer,Office Supplies,West,12,54.15,0.0,649.75,422.34,227.41
ORD-2026-1397,2026-03-19,CUST-172,Desk Organizer,Office Supplies,North,9,46.87,0.05,400.75,274.2,126.55
ORD-2026-1398,2026-05-16,CUST-194,Desk Organizer,Office Supplies,North,8,44.56,0.0,356.48,231.71,124.77
ORD-2026-1399,2026-05-16,CUST-116,Pen Set,Office Supplies,South,8,13.35,0.0,106.81,69.43,37.38
ORD-2026-1400,2026-01-19,CUST-207,Pen Set,Office Supplies,South,3,37.59,0.0,112.78,73.31,39.47
ORD-2026-1401,2026-06-12,CUST-114,Wireless Headphones,Electronics,South,2,299.18,0.15,508.6,430.81,77.79
ORD-2026-1402,2026-04-01,CUST-203,Wireless Headphones,Electronics,West,4,231.91,0.15,788.49,667.9,120.59
ORD-2026-1403,2026-05-29,CUST-127,Smartwatch,Electronics,North,4,275.52,0.35,716.37,793.51,-77.14
ORD-2026-1404,2026-02-27,CUST-181,Smartphone,Electronics,South,2,930.3,0.05,1767.57,1339.63,427.94
ORD-2026-1405,2026-06-11,CUST-110,Wireless Headphones,Electronics,West,2,301.02,0.35,391.32,433.46,-42.14
ORD-2026-1406,2026-03-12,CUST-251,Desk Lamp,Furniture,North,2,257.04,0.1,462.68,334.16,128.52
ORD-2026-1407,2026-01-02,CUST-156,Desk Lamp,Furniture,North,1,403.9,0.0,403.9,262.53,141.37
ORD-2026-1408,2026-06-12,CUST-117,Ergonomic Chair,Furniture,South,1,249.62,0.0,249.62,162.25,87.37
ORD-2026-1409,2026-01-17,CUST-266,Desk Lamp,Furniture,East,3,153.72,0.1,415.04,299.75,115.29
ORD-2026-1410,2026-02-27,CUST-176,Desk Lamp,Furniture,West,3,217.44,0.1,587.1,424.01,163.09
ORD-2026-1411,2026-06-21,CUST-147,Bookshelf,Furniture,East,3,334.2,0.0,1002.61,651.7,350.91
ORD-2026-1412,2026-06-21,CUST-208,Bookshelf,Furniture,East,2,233.97,0.15,397.76,304.17,93.59
ORD-2026-1413,2026-04-14,CUST-194,Notebook,Office Supplies,South,13,46.81,0.0,608.56,395.56,213.0
ORD-2026-1414,2026-04-24,CUST-265,Desk Lamp,Furniture,East,3,217.7,0.0,653.11,424.52,228.59
ORD-2026-1415,2026-03-22,CUST-249,Notebook,Office Supplies,North,14,20.94,0.0,293.1,190.52,102.58
ORD-2026-1416,2026-02-22,CUST-131,Standing Desk,Furniture,West,1,291.37,0.1,262.23,189.39,72.84
ORD-2026-1417,2026-03-01,CUST-168,Binder Clip Pack,Office Supplies,West,12,26.87,0.05,306.37,209.62,96.75
ORD-2026-1418,2026-05-02,CUST-226,Smartphone,Electronics,North,5,288.74,0.35,938.39,1039.45,-101.06
ORD-2026-1419,2026-05-16,CUST-180,Smartphone,Electronics,East,1,516.78,0.25,387.58,372.08,15.5
ORD-2026-1420,2026-05-23,CUST-208,Smartphone,Electronics,East,2,253.88,0.15,431.59,365.58,66.01
ORD-2026-1421,2026-05-23,CUST-255,Desk Organizer,Office Supplies,North,12,21.91,0.0,262.89,170.88,92.01
ORD-2026-1422,2026-01-17,CUST-112,Desk Organizer,Office Supplies,East,2,48.02,0.0,96.04,62.43,33.61
ORD-2026-1423,2026-03-30,CUST-248,Notebook,Office Supplies,East,12,33.78,0.0,405.41,263.52,141.89
ORD-2026-1424,2026-01-11,CUST-207,Smartphone,Electronics,South,1,642.1,0.0,642.1,462.31,179.79
ORD-2026-1425,2026-04-09,CUST-281,Bookshelf,Furniture,East,1,183.03,0.0,183.03,118.97,64.06
ORD-2026-1426,2026-03-21,CUST-239,Desk Organizer,Office Supplies,North,10,32.45,0.0,324.52,210.94,113.58
ORD-2026-1427,2026-06-09,CUST-164,Standing Desk,Furniture,West,3,149.98,0.0,449.94,292.46,157.48
ORD-2026-1428,2026-03-05,CUST-259,Standing Desk,Furniture,South,3,357.78,0.1,966.01,697.68,268.33
ORD-2026-1429,2026-01-22,CUST-201,Ergonomic Chair,Furniture,East,2,423.78,0.0,847.57,550.92,296.65
ORD-2026-1430,2026-01-26,CUST-238,Smartwatch,Electronics,South,1,220.04,0.0,220.04,158.43,61.61
ORD-2026-1431,2026-05-18,CUST-116,Smartphone,Electronics,West,3,561.12,0.25,1262.52,1212.02,50.5
ORD-2026-1432,2026-04-22,CUST-167,Desk Lamp,Furniture,South,3,393.8,0.1,1063.26,767.91,295.35
ORD-2026-1433,2026-01-19,CUST-204,Smartphone,Electronics,North,4,920.69,0.05,3498.61,2651.58,847.03
ORD-2026-1434,2026-01-16,CUST-283,Smartwatch,Electronics,West,3,399.5,0.0,1198.51,862.93,335.58
ORD-2026-1435,2026-05-07,CUST-299,Ergonomic Chair,Furniture,North,1,446.93,0.15,379.89,290.5,89.39
ORD-2026-1436,2026-01-14,CUST-283,Pen Set,Office Supplies,West,10,13.09,0.0,130.9,85.09,45.81
ORD-2026-1437,2026-05-28,CUST-251,Desk Lamp,Furniture,South,3,246.05,0.1,664.33,479.79,184.54
ORD-2026-1438,2026-05-08,CUST-251,Standing Desk,Furniture,West,2,319.58,0.0,639.16,415.45,223.71
ORD-2026-1439,2026-01-15,CUST-280,Pen Set,Office Supplies,West,4,49.21,0.0,196.84,127.95,68.89
ORD-2026-1440,2026-01-16,CUST-231,Wireless Headphones,Electronics,South,4,857.67,0.05,3259.15,2470.09,789.06
ORD-2026-1441,2026-06-27,CUST-221,Wireless Headphones,Electronics,North,2,411.68,0.15,699.86,592.82,107.04
ORD-2026-1442,2026-03-09,CUST-215,Desk Lamp,Furniture,West,2,124.36,0.0,248.72,161.67,87.05
ORD-2026-1443,2026-03-08,CUST-220,Wireless Headphones,Electronics,West,1,259.67,0.0,259.67,186.96,72.71
ORD-2026-1444,2026-05-27,CUST-248,Laptop,Electronics,West,4,348.64,0.25,1045.9,1004.07,41.83
ORD-2026-1445,2026-06-20,CUST-188,Pen Set,Office Supplies,South,9,44.98,0.0,404.86,263.16,141.7
ORD-2026-1446,2026-06-27,CUST-280,Desk Organizer,Office Supplies,West,6,50.05,0.0,300.29,195.19,105.1
ORD-2026-1447,2026-05-16,CUST-101,Desk Lamp,Furniture,North,1,296.48,0.0,296.48,192.71,103.77
ORD-2026-1448,2026-03-09,CUST-222,Desk Lamp,Furniture,East,3,399.48,0.0,1198.45,778.99,419.46
ORD-2026-1449,2026-01-16,CUST-202,Desk Lamp,Furniture,West,2,382.93,0.1,689.28,497.82,191.46
ORD-2026-1450,2026-05-20,CUST-228,Notebook,Office Supplies,North,5,17.22,0.0,86.08,55.95,30.13
ORD-2026-1451,2026-04-11,CUST-281,Desk Lamp,Furniture,West,1,292.54,0.1,263.29,190.15,73.14
ORD-2026-1452,2026-03-18,CUST-289,Binder Clip Pack,Office Supplies,West,14,33.87,0.0,474.15,308.2,165.95
ORD-2026-1453,2026-06-13,CUST-177,Notebook,Office Supplies,East,7,17.8,0.0,124.61,81.0,43.61
ORD-2026-1454,2026-01-21,CUST-126,Binder Clip Pack,Office Supplies,North,14,29.05,0.0,406.69,264.35,142.34
ORD-2026-1455,2026-03-30,CUST-157,Binder Clip Pack,Office Supplies,South,7,56.63,0.0,396.39,257.65,138.74
ORD-2026-1456,2026-01-03,CUST-297,Ergonomic Chair,Furniture,East,2,426.73,0.0,853.46,554.75,298.71
ORD-2026-1457,2026-03-26,CUST-234,Standing Desk,Furniture,West,2,288.01,0.15,489.62,374.41,115.21
ORD-2026-1458,2026-01-11,CUST-180,Bookshelf,Furniture,South,3,366.22,0.1,988.8,714.14,274.66
ORD-2026-1459,2026-01-22,CUST-170,Desk Lamp,Furniture,East,1,229.19,0.0,229.19,148.97,80.22
ORD-2026-1460,2026-01-22,CUST-264,Smartphone,Electronics,South,2,750.02,0.0,1500.05,1080.04,420.01
ORD-2026-1461,2026-04-27,CUST-231,Wireless Headphones,Electronics,North,4,487.95,0.35,1268.67,1405.3,-136.63
ORD-2026-1462,2026-05-15,CUST-123,Desk Lamp,Furniture,South,3,342.74,0.0,1028.23,668.35,359.88
ORD-2026-1463,2026-04-16,CUST-207,Binder Clip Pack,Office Supplies,West,9,21.02,0.0,189.2,122.98,66.22
ORD-2026-1464,2026-06-23,CUST-213,Pen Set,Office Supplies,South,11,24.28,0.0,267.13,173.63,93.5
ORD-2026-1465,2026-03-09,CUST-296,Ergonomic Chair,Furniture,South,2,244.24,0.0,488.49,317.52,170.97
ORD-2026-1466,2026-02-21,CUST-105,Smartwatch,Electronics,West,4,495.04,0.05,1881.16,1425.72,455.44
ORD-2026-1467,2026-06-06,CUST-105,Laptop,Electronics,North,1,482.14,0.25,361.61,347.14,14.47
ORD-2026-1468,2026-02-10,CUST-231,Wireless Headphones,Electronics,East,3,812.79,0.1,2194.53,1755.63,438.9
ORD-2026-1469,2026-06-23,CUST-249,Smartphone,Electronics,East,3,349.85,0.35,682.21,755.68,-73.47
ORD-2026-1470,2026-01-03,CUST-186,Binder Clip Pack,Office Supplies,South,10,49.01,0.0,490.09,318.56,171.53
ORD-2026-1471,2026-06-24,CUST-224,Standing Desk,Furniture,North,3,427.26,0.0,1281.77,833.15,448.62
ORD-2026-1472,2026-01-08,CUST-211,Wireless Headphones,Electronics,South,1,883.55,0.0,883.55,636.16,247.39
ORD-2026-1473,2026-06-10,CUST-226,Standing Desk,Furniture,West,2,111.13,0.0,222.25,144.46,77.79
ORD-2026-1474,2026-04-05,CUST-110,Laptop,Electronics,North,2,343.17,0.15,583.39,494.16,89.23
ORD-2026-1475,2026-06-28,CUST-141,Pen Set,Office Supplies,West,3,16.77,0.05,47.8,32.71,15.09
ORD-2026-1476,2026-01-14,CUST-286,Binder Clip Pack,Office Supplies,North,3,38.7,0.05,110.29,75.46,34.83
ORD-2026-1477,2026-04-10,CUST-175,Standing Desk,Furniture,East,3,196.07,0.0,588.21,382.34,205.87
ORD-2026-1478,2026-06-24,CUST-178,Smartwatch,Electronics,West,3,479.99,0.25,1079.99,1036.79,43.2
ORD-2026-1479,2026-04-05,CUST-142,Wireless Headphones,Electronics,North,4,459.65,0.25,1378.94,1323.78,55.16
ORD-2026-1480,2026-04-24,CUST-135,Notebook,Office Supplies,South,9,22.97,0.05,196.38,134.37,62.01
ORD-2026-1481,2026-05-06,CUST-170,Ergonomic Chair,Furniture,East,3,186.31,0.0,558.93,363.3,195.63
ORD-2026-1482,2026-03-23,CUST-279,Smartwatch,Electronics,East,4,732.02,0.05,2781.69,2108.22,673.47
ORD-2026-1483,2026-04-23,CUST-124,Laptop,Electronics,North,4,317.43,0.25,952.3,914.21,38.09
ORD-2026-1484,2026-04-16,CUST-199,Smartwatch,Electronics,South,2,205.37,0.15,349.13,295.73,53.4
ORD-2026-1485,2026-06-12,CUST-199,Bookshelf,Furniture,East,2,151.57,0.15,257.67,197.04,60.63
ORD-2026-1486,2026-01-09,CUST-169,Desk Organizer,Office Supplies,South,4,16.11,0.0,64.42,41.87,22.55
ORD-2026-1487,2026-02-20,CUST-104,Binder Clip Pack,Office Supplies,West,5,43.65,0.0,218.27,141.88,76.39
ORD-2026-1488,2026-06-21,CUST-133,Laptop,Electronics,South,4,176.81,0.15,601.15,509.21,91.94
ORD-2026-1489,2026-06-10,CUST-258,Smartphone,Electronics,North,3,771.4,0.15,1967.08,1666.23,300.85
ORD-2026-1490,2026-03-24,CUST-165,Ergonomic Chair,Furniture,South,3,316.02,0.0,948.07,616.25,331.82
ORD-2026-1491,2026-04-22,CUST-115,Standing Desk,Furniture,South,1,202.21,0.1,181.99,131.44,50.55
ORD-2026-1492,2026-02-19,CUST-103,Smartphone,Electronics,South,3,373.15,0.0,1119.45,806.0,313.45
ORD-2026-1493,2026-02-03,CUST-164,Bookshelf,Furniture,West,1,94.85,0.0,94.85,61.65,33.2
ORD-2026-1494,2026-03-25,CUST-139,Ergonomic Chair,Furniture,East,3,173.62,0.0,520.86,338.56,182.3
ORD-2026-1495,2026-03-05,CUST-281,Wireless Headphones,Electronics,West,2,409.46,0.05,777.98,589.63,188.35
ORD-2026-1496,2026-04-16,CUST-195,Desk Lamp,Furniture,North,2,80.5,0.0,161.0,104.65,56.35
ORD-2026-1497,2026-01-14,CUST-146,Smartwatch,Electronics,West,1,409.06,0.05,388.61,294.52,94.09
ORD-2026-1498,2026-06-25,CUST-140,Smartwatch,Electronics,North,2,203.04,0.15,345.16,292.37,52.79
ORD-2026-1499,2026-06-27,CUST-189,Desk Organizer,Office Supplies,South,9,56.44,0.0,507.99,330.19,177.8
ORD-2026-1500,2026-05-06,CUST-278,Smartwatch,Electronics,West,4,675.36,0.35,1755.94,1945.04,-189.1
ORD-2026-1501,2026-04-07,CUST-128,Desk Lamp,Furniture,South,1,314.36,0.15,267.21,204.33,62.88
ORD-2026-1502,2026-02-25,CUST-209,Notebook,Office Supplies,East,9,38.2,0.0,343.76,223.44,120.32
ORD-2026-1503,2026-05-27,CUST-297,Laptop,Electronics,North,2,647.94,0.25,971.9,933.03,38.87
ORD-2026-1504,2026-05-04,CUST-195,Desk Lamp,Furniture,East,1,370.36,0.15,314.81,240.73,74.08
ORD-2026-1505,2026-01-30,CUST-222,Desk Lamp,Furniture,East,3,295.04,0.0,885.13,575.33,309.8
ORD-2026-1506,2026-06-13,CUST-186,Smartphone,Electronics,East,4,538.71,0.25,1616.14,1551.5,64.64
ORD-2026-1507,2026-05-29,CUST-143,Bookshelf,Furniture,North,1,380.97,0.15,323.82,247.63,76.19
ORD-2026-1508,2026-06-20,CUST-142,Ergonomic Chair,Furniture,West,3,318.61,0.0,955.84,621.3,334.54
ORD-2026-1509,2026-05-11,CUST-134,Wireless Headphones,Electronics,South,5,486.66,0.35,1581.64,1751.97,-170.33
ORD-2026-1510,2026-04-21,CUST-168,Notebook,Office Supplies,North,7,37.44,0.0,262.11,170.37,91.74
ORD-2026-1511,2026-03-17,CUST-174,Smartphone,Electronics,South,4,534.04,0.0,2136.15,1538.03,598.12
ORD-2026-1512,2026-06-17,CUST-119,Pen Set,Office Supplies,South,11,36.59,0.0,402.53,261.64,140.89
ORD-2026-1513,2026-06-05,CUST-256,Ergonomic Chair,Furniture,South,1,256.29,0.0,256.29,166.59,89.7
ORD-2026-1514,2026-01-09,CUST-296,Desk Organizer,Office Supplies,South,4,16.66,0.0,66.64,43.32,23.32
ORD-2026-1515,2026-01-05,CUST-118,Desk Lamp,Furniture,East,3,175.0,0.15,446.24,341.24,105.0
ORD-2026-1516,2026-03-09,CUST-151,Ergonomic Chair,Furniture,East,1,329.27,0.0,329.27,214.03,115.24
ORD-2026-1517,2026-05-26,CUST-214,Ergonomic Chair,Furniture,West,2,152.61,0.1,274.7,198.39,76.31
ORD-2026-1518,2026-06-27,CUST-278,Bookshelf,Furniture,North,3,365.46,0.15,931.92,712.65,219.27
ORD-2026-1519,2026-01-28,CUST-137,Bookshelf,Furniture,North,2,97.79,0.15,166.25,127.13,39.12
ORD-2026-1520,2026-04-17,CUST-164,Bookshelf,Furniture,East,2,173.36,0.1,312.04,225.36,86.68
ORD-2026-1521,2026-03-10,CUST-202,Desk Organizer,Office Supplies,East,9,46.51,0.0,418.6,272.09,146.51
ORD-2026-1522,2026-06-24,CUST-264,Ergonomic Chair,Furniture,East,3,365.07,0.15,930.92,711.88,219.04
ORD-2026-1523,2026-06-01,CUST-284,Smartwatch,Electronics,West,5,762.72,0.35,2478.83,2745.78,-266.95
ORD-2026-1524,2026-05-31,CUST-281,Desk Organizer,Office Supplies,South,11,47.81,0.0,525.94,341.86,184.08
ORD-2026-1525,2026-03-26,CUST-252,Ergonomic Chair,Furniture,North,3,296.28,0.0,888.84,577.75,311.09
ORD-2026-1526,2026-03-16,CUST-116,Wireless Headphones,Electronics,North,3,282.84,0.05,806.1,610.94,195.16
ORD-2026-1527,2026-02-19,CUST-205,Laptop,Electronics,South,1,470.56,0.0,470.56,338.8,131.76
ORD-2026-1528,2026-01-11,CUST-106,Ergonomic Chair,Furniture,South,2,319.85,0.0,639.69,415.8,223.89
ORD-2026-1529,2026-06-05,CUST-224,Standing Desk,Furniture,North,1,146.79,0.1,132.11,95.41,36.7
ORD-2026-1530,2026-05-27,CUST-103,Wireless Headphones,Electronics,South,5,206.2,0.25,773.24,742.31,30.93
ORD-2026-1531,2026-06-29,CUST-288,Bookshelf,Furniture,East,3,159.52,0.1,430.7,311.06,119.64
ORD-2026-1532,2026-06-29,CUST-131,Ergonomic Chair,Furniture,North,3,189.32,0.1,511.17,369.18,141.99
ORD-2026-1533,2026-04-10,CUST-286,Pen Set,Office Supplies,North,4,53.94,0.0,215.75,140.24,75.51
ORD-2026-1534,2026-05-19,CUST-231,Smartphone,Electronics,North,2,739.36,0.25,1109.03,1064.67,44.36
ORD-2026-1535,2026-06-20,CUST-280,Laptop,Electronics,South,4,536.34,0.35,1394.48,1544.66,-150.18
ORD-2026-1536,2026-06-02,CUST-169,Smartphone,Electronics,North,2,697.09,0.15,1185.05,1003.81,181.24
ORD-2026-1537,2026-02-14,CUST-129,Desk Lamp,Furniture,South,3,271.02,0.15,691.11,528.5,162.61
ORD-2026-1538,2026-03-23,CUST-236,Ergonomic Chair,Furniture,North,2,370.79,0.0,741.58,482.03,259.55
ORD-2026-1539,2026-01-24,CUST-279,Desk Organizer,Office Supplies,West,6,24.02,0.0,144.1,93.67,50.43
ORD-2026-1540,2026-06-21,CUST-265,Smartwatch,Electronics,North,3,516.25,0.25,1161.56,1115.09,46.47
ORD-2026-1541,2026-04-20,CUST-295,Smartphone,Electronics,West,3,252.16,0.35,491.71,544.67,-52.96
ORD-2026-1542,2026-02-11,CUST-284,Smartphone,Electronics,North,2,324.54,0.05,616.63,467.34,149.29
ORD-2026-1543,2026-05-01,CUST-278,Wireless Headphones,Electronics,West,4,477.97,0.25,1433.91,1376.55,57.36
ORD-2026-1544,2026-04-22,CUST-141,Ergonomic Chair,Furniture,North,1,383.26,0.1,344.93,249.12,95.81
ORD-2026-1545,2026-03-06,CUST-230,Wireless Headphones,Electronics,North,5,683.22,0.0,3416.09,2459.58,956.51
ORD-2026-1546,2026-01-21,CUST-176,Smartwatch,Electronics,North,4,628.41,0.0,2513.63,1809.81,703.82
ORD-2026-1547,2026-05-01,CUST-278,Binder Clip Pack,Office Supplies,South,5,51.96,0.0,259.79,168.86,90.93
ORD-2026-1548,2026-04-04,CUST-159,Smartphone,Electronics,East,3,464.41,0.35,905.61,1003.13,-97.52
ORD-2026-1549,2026-05-20,CUST-251,Smartphone,Electronics,North,2,187.29,0.15,318.4,269.7,48.7
ORD-2026-1550,2026-04-04,CUST-212,Desk Lamp,Furniture,North,2,430.01,0.0,860.02,559.01,301.01
ORD-2026-1551,2026-06-03,CUST-122,Smartwatch,Electronics,West,1,645.49,0.15,548.67,464.75,83.92
ORD-2026-1552,2026-04-10,CUST-127,Binder Clip Pack,Office Supplies,East,14,12.35,0.0,172.88,112.37,60.51
ORD-2026-1553,2026-04-11,CUST-236,Smartwatch,Electronics,North,3,159.35,0.35,310.74,344.2,-33.46
ORD-2026-1554,2026-06-07,CUST-166,Desk Lamp,Furniture,East,1,88.22,0.0,88.22,57.34,30.88
ORD-2026-1555,2026-03-14,CUST-124,Pen Set,Office Supplies,East,14,25.77,0.0,360.75,234.49,126.26
ORD-2026-1556,2026-01-25,CUST-162,Laptop,Electronics,East,5,692.04,0.0,3460.18,2491.33,968.85
ORD-2026-1557,2026-01-06,CUST-152,Notebook,Office Supplies,North,12,27.5,0.05,313.46,214.47,98.99
ORD-2026-1558,2026-05-16,CUST-270,Standing Desk,Furniture,West,1,163.12,0.1,146.81,106.03,40.78
ORD-2026-1559,2026-04-22,CUST-191,Binder Clip Pack,Office Supplies,North,13,19.74,0.0,256.6,166.79,89.81
ORD-2026-1560,2026-05-07,CUST-136,Ergonomic Chair,Furniture,West,1,377.54,0.0,377.54,245.4,132.14
ORD-2026-1561,2026-02-08,CUST-186,Standing Desk,Furniture,East,2,250.07,0.0,500.14,325.09,175.05
ORD-2026-1562,2026-01-25,CUST-282,Standing Desk,Furniture,North,1,329.92,0.0,329.92,214.45,115.47
ORD-2026-1563,2026-01-03,CUST-250,Notebook,Office Supplies,South,10,16.38,0.0,163.79,106.46,57.33
ORD-2026-1564,2026-03-05,CUST-186,Wireless Headphones,Electronics,South,5,484.71,0.0,2423.56,1744.96,678.6
ORD-2026-1565,2026-04-17,CUST-187,Smartphone,Electronics,South,5,486.08,0.15,2065.83,1749.88,315.95
ORD-2026-1566,2026-03-12,CUST-236,Desk Lamp,Furniture,North,3,255.02,0.0,765.06,497.29,267.77
ORD-2026-1567,2026-03-20,CUST-186,Ergonomic Chair,Furniture,East,1,351.96,0.0,351.96,228.77,123.19
ORD-2026-1568,2026-06-12,CUST-157,Laptop,Electronics,South,1,516.14,0.15,438.72,371.62,67.1
ORD-2026-1569,2026-03-04,CUST-165,Laptop,Electronics,West,5,344.06,0.0,1720.31,1238.62,481.69
ORD-2026-1570,2026-04-03,CUST-215,Binder Clip Pack,Office Supplies,East,4,13.05,0.0,52.18,33.92,18.26
ORD-2026-1571,2026-05-22,CUST-225,Ergonomic Chair,Furniture,North,1,317.57,0.0,317.57,206.42,111.15
ORD-2026-1572,2026-03-13,CUST-115,Ergonomic Chair,Furniture,South,3,311.98,0.0,935.93,608.35,327.58
ORD-2026-1573,2026-04-22,CUST-203,Smartphone,Electronics,East,2,241.6,0.15,410.71,347.9,62.81
ORD-2026-1574,2026-06-05,CUST-195,Laptop,Electronics,South,5,512.7,0.25,1922.61,1845.71,76.9
ORD-2026-1575,2026-06-20,CUST-287,Binder Clip Pack,Office Supplies,North,10,18.59,0.0,185.91,120.84,65.07
ORD-2026-1576,2026-01-27,CUST-253,Smartphone,Electronics,West,1,161.09,0.0,161.09,115.98,45.11
ORD-2026-1577,2026-06-16,CUST-119,Desk Organizer,Office Supplies,South,6,37.87,0.0,227.22,147.69,79.53
ORD-2026-1578,2026-03-30,CUST-288,Binder Clip Pack,Office Supplies,East,11,56.59,0.0,622.46,404.6,217.86
ORD-2026-1579,2026-02-16,CUST-110,Smartwatch,Electronics,East,1,405.79,0.0,405.79,292.17,113.62
ORD-2026-1580,2026-03-24,CUST-173,Smartphone,Electronics,North,5,317.56,0.05,1508.43,1143.23,365.2
ORD-2026-1581,2026-06-26,CUST-202,Notebook,Office Supplies,East,9,25.63,0.05,219.14,149.94,69.2
ORD-2026-1582,2026-03-30,CUST-188,Binder Clip Pack,Office Supplies,North,11,29.3,0.0,322.27,209.48,112.79
ORD-2026-1583,2026-03-01,CUST-221,Smartwatch,Electronics,South,2,254.57,0.1,458.24,366.59,91.65
ORD-2026-1584,2026-04-25,CUST-217,Standing Desk,Furniture,East,3,215.78,0.0,647.33,420.76,226.57
ORD-2026-1585,2026-02-13,CUST-161,Smartphone,Electronics,North,3,474.26,0.0,1422.78,1024.4,398.38
ORD-2026-1586,2026-01-14,CUST-282,Desk Organizer,Office Supplies,West,13,49.75,0.05,614.45,420.41,194.04
ORD-2026-1587,2026-01-24,CUST-243,Wireless Headphones,Electronics,West,3,451.34,0.05,1286.32,974.89,311.43
ORD-2026-1588,2026-01-24,CUST-290,Desk Lamp,Furniture,West,3,110.49,0.15,281.75,215.46,66.29
ORD-2026-1589,2026-01-28,CUST-245,Binder Clip Pack,Office Supplies,West,10,48.23,0.05,458.21,313.51,144.7
ORD-2026-1590,2026-01-25,CUST-226,Notebook,Office Supplies,South,9,12.69,0.0,114.2,74.23,39.97
ORD-2026-1591,2026-04-26,CUST-189,Laptop,Electronics,North,5,239.2,0.15,1016.58,861.11,155.47
ORD-2026-1592,2026-02-02,CUST-158,Laptop,Electronics,East,3,751.46,0.1,2028.94,1623.15,405.79
ORD-2026-1593,2026-03-04,CUST-134,Notebook,Office Supplies,East,9,47.1,0.0,423.89,275.53,148.36
ORD-2026-1594,2026-06-11,CUST-298,Pen Set,Office Supplies,South,2,52.98,0.0,105.97,68.88,37.09
ORD-2026-1595,2026-03-27,CUST-264,Smartphone,Electronics,West,1,691.32,0.0,691.32,497.75,193.57
ORD-2026-1596,2026-05-01,CUST-289,Bookshelf,Furniture,South,3,373.43,0.1,1008.27,728.2,280.07
ORD-2026-1597,2026-02-01,CUST-223,Standing Desk,Furniture,East,3,337.9,0.0,1013.7,658.91,354.79
ORD-2026-1598,2026-02-04,CUST-169,Bookshelf,Furniture,East,2,193.33,0.0,386.66,251.33,135.33
ORD-2026-1599,2026-01-08,CUST-204,Laptop,Electronics,East,3,366.45,0.05,1044.37,791.52,252.85
ORD-2026-1600,2026-01-31,CUST-100,Smartwatch,Electronics,South,4,261.4,0.0,1045.61,752.84,292.77
ORD-2026-1601,2026-02-20,CUST-298,Wireless Headphones,Electronics,South,2,425.27,0.0,850.55,612.4,238.15
ORD-2026-1602,2026-02-01,CUST-229,Binder Clip Pack,Office Supplies,North,9,30.79,0.0,277.14,180.14,97.0
ORD-2026-1603,2026-01-16,CUST-121,Laptop,Electronics,West,4,574.05,0.0,2296.2,1653.26,642.94
ORD-2026-1604,2026-01-22,CUST-285,Smartwatch,Electronics,West,3,688.84,0.0,2066.51,1487.89,578.62
ORD-2026-1605,2026-03-24,CUST-168,Smartwatch,Electronics,South,1,406.68,0.1,366.01,292.81,73.2
ORD-2026-1606,2026-02-07,CUST-284,Smartwatch,Electronics,South,1,193.79,0.0,193.79,139.53,54.26
ORD-2026-1607,2026-03-07,CUST-265,Wireless Headphones,Electronics,West,2,825.1,0.0,1650.21,1188.15,462.06
ORD-2026-1608,2026-04-01,CUST-231,Ergonomic Chair,Furniture,East,1,423.66,0.1,381.29,275.38,105.91
ORD-2026-1609,2026-05-05,CUST-204,Standing Desk,Furniture,North,1,355.29,0.1,319.76,230.94,88.82
ORD-2026-1610,2026-01-08,CUST-155,Desk Lamp,Furniture,West,3,166.11,0.1,448.5,323.91,124.59
ORD-2026-1611,2026-05-24,CUST-288,Desk Lamp,Furniture,West,1,206.26,0.1,185.63,134.07,51.56
ORD-2026-1612,2026-04-24,CUST-157,Bookshelf,Furniture,East,2,328.49,0.1,591.27,427.03,164.24
ORD-2026-1613,2026-01-15,CUST-148,Wireless Headphones,Electronics,South,2,939.52,0.0,1879.03,1352.9,526.13
ORD-2026-1614,2026-06-07,CUST-175,Binder Clip Pack,Office Supplies,North,10,36.73,0.0,367.33,238.76,128.57
ORD-2026-1615,2026-06-15,CUST-171,Desk Organizer,Office Supplies,West,9,26.87,0.0,241.8,157.17,84.63
ORD-2026-1616,2026-01-11,CUST-284,Smartphone,Electronics,North,3,580.07,0.0,1740.2,1252.94,487.26
ORD-2026-1617,2026-02-19,CUST-256,Wireless Headphones,Electronics,South,3,500.92,0.1,1352.48,1081.98,270.5
ORD-2026-1618,2026-05-26,CUST-116,Standing Desk,Furniture,North,2,432.76,0.0,865.52,562.59,302.93
ORD-2026-1619,2026-05-15,CUST-246,Wireless Headphones,Electronics,North,3,636.75,0.25,1432.69,1375.39,57.3
ORD-2026-1620,2026-02-03,CUST-297,Laptop,Electronics,West,4,302.1,0.05,1147.99,870.06,277.93
ORD-2026-1621,2026-02-07,CUST-153,Wireless Headphones,Electronics,South,4,740.3,0.0,2961.22,2132.08,829.14
ORD-2026-1622,2026-03-08,CUST-286,Smartwatch,Electronics,North,3,819.14,0.0,2457.41,1769.34,688.07
ORD-2026-1623,2026-03-29,CUST-295,Desk Organizer,Office Supplies,East,3,35.19,0.0,105.56,68.61,36.95
ORD-2026-1624,2026-04-22,CUST-180,Desk Organizer,Office Supplies,North,11,44.56,0.0,490.19,318.62,171.57
ORD-2026-1625,2026-03-08,CUST-157,Standing Desk,Furniture,East,1,232.15,0.0,232.15,150.9,81.25
ORD-2026-1626,2026-03-25,CUST-178,Laptop,Electronics,North,2,298.77,0.0,597.54,430.23,167.31
ORD-2026-1627,2026-05-15,CUST-284,Pen Set,Office Supplies,East,8,44.98,0.0,359.84,233.9,125.94
ORD-2026-1628,2026-01-07,CUST-177,Standing Desk,Furniture,East,3,120.21,0.1,324.58,234.42,90.16
ORD-2026-1629,2026-02-15,CUST-268,Bookshelf,Furniture,East,2,151.05,0.0,302.09,196.36,105.73
ORD-2026-1630,2026-05-09,CUST-100,Binder Clip Pack,Office Supplies,West,12,44.83,0.0,537.94,349.66,188.28
ORD-2026-1631,2026-06-11,CUST-257,Desk Lamp,Furniture,East,3,211.7,0.15,539.84,412.82,127.02
ORD-2026-1632,2026-04-03,CUST-269,Pen Set,Office Supplies,North,4,31.3,0.0,125.2,81.38,43.82
ORD-2026-1633,2026-04-06,CUST-127,Desk Lamp,Furniture,East,3,337.55,0.1,911.38,658.22,253.16
ORD-2026-1634,2026-01-20,CUST-112,Laptop,Electronics,South,4,528.01,0.0,2112.05,1520.68,591.37
ORD-2026-1635,2026-03-22,CUST-173,Wireless Headphones,Electronics,South,2,207.82,0.0,415.64,299.26,116.38
ORD-2026-1636,2026-04-06,CUST-209,Desk Lamp,Furniture,North,1,223.12,0.1,200.81,145.03,55.78
ORD-2026-1637,2026-02-13,CUST-236,Smartphone,Electronics,North,1,829.14,0.0,829.14,596.98,232.16
ORD-2026-1638,2026-02-18,CUST-248,Smartphone,Electronics,North,2,922.67,0.05,1753.06,1328.64,424.42
ORD-2026-1639,2026-03-09,CUST-200,Ergonomic Chair,Furniture,East,2,277.79,0.1,500.01,361.12,138.89
ORD-2026-1640,2026-01-04,CUST-247,Ergonomic Chair,Furniture,South,3,361.13,0.0,1083.4,704.21,379.19
ORD-2026-1641,2026-02-27,CUST-118,Bookshelf,Furniture,West,3,98.35,0.0,295.06,191.79,103.27
ORD-2026-1642,2026-02-08,CUST-280,Laptop,Electronics,South,4,423.71,0.05,1610.08,1220.27,389.81
ORD-2026-1643,2026-02-28,CUST-283,Smartphone,Electronics,West,1,605.16,0.0,605.16,435.72,169.44
ORD-2026-1644,2026-01-22,CUST-217,Wireless Headphones,Electronics,East,4,816.35,0.05,3102.13,2351.09,751.04
ORD-2026-1645,2026-06-10,CUST-148,Standing Desk,Furniture,South,2,95.2,0.0,190.39,123.75,66.64
ORD-2026-1646,2026-04-17,CUST-233,Laptop,Electronics,East,5,418.43,0.25,1569.11,1506.35,62.76
ORD-2026-1647,2026-05-03,CUST-298,Desk Lamp,Furniture,East,2,161.08,0.0,322.15,209.4,112.75
ORD-2026-1648,2026-05-23,CUST-101,Ergonomic Chair,Furniture,South,1,159.93,0.0,159.93,103.95,55.98
ORD-2026-1649,2026-03-31,CUST-225,Standing Desk,Furniture,North,1,435.98,0.1,392.38,283.39,108.99
ORD-2026-1650,2026-01-16,CUST-186,Standing Desk,Furniture,South,2,238.64,0.0,477.29,310.24,167.05
ORD-2026-1651,2026-04-07,CUST-286,Wireless Headphones,Electronics,South,2,213.77,0.15,363.41,307.83,55.58
ORD-2026-1652,2026-04-16,CUST-182,Binder Clip Pack,Office Supplies,East,5,48.49,0.0,242.44,157.59,84.85
ORD-2026-1653,2026-05-15,CUST-111,Smartphone,Electronics,South,4,449.2,0.15,1527.27,1293.69,233.58
ORD-2026-1654,2026-03-19,CUST-118,Pen Set,Office Supplies,East,8,29.68,0.0,237.45,154.34,83.11
ORD-2026-1655,2026-01-23,CUST-242,Wireless Headphones,Electronics,West,3,217.41,0.05,619.62,469.61,150.01
ORD-2026-1656,2026-02-21,CUST-192,Standing Desk,Furniture,East,1,371.94,0.1,334.75,241.76,92.99
ORD-2026-1657,2026-03-07,CUST-205,Laptop,Electronics,North,3,407.65,0.05,1161.81,880.53,281.28
ORD-2026-1658,2026-04-27,CUST-207,Bookshelf,Furniture,South,2,178.08,0.15,302.74,231.5,71.24
ORD-2026-1659,2026-04-13,CUST-214,Laptop,Electronics,North,1,599.31,0.35,389.55,431.5,-41.95
ORD-2026-1660,2026-03-06,CUST-220,Bookshelf,Furniture,East,2,141.51,0.1,254.73,183.97,70.76
ORD-2026-1661,2026-06-27,CUST-235,Notebook,Office Supplies,North,11,16.07,0.0,176.78,114.91,61.87
ORD-2026-1662,2026-04-20,CUST-238,Wireless Headphones,Electronics,East,1,518.22,0.25,388.67,373.12,15.55
ORD-2026-1663,2026-02-12,CUST-113,Smartwatch,Electronics,North,4,794.14,0.0,3176.56,2287.12,889.44
ORD-2026-1664,2026-01-19,CUST-119,Pen Set,Office Supplies,North,3,37.91,0.0,113.73,73.92,39.81
ORD-2026-1665,2026-01-28,CUST-143,Binder Clip Pack,Office Supplies,North,7,46.23,0.0,323.64,210.37,113.27
ORD-2026-1666,2026-02-14,CUST-137,Laptop,Electronics,West,1,159.6,0.05,151.62,114.91,36.71
ORD-2026-1667,2026-01-29,CUST-225,Standing Desk,Furniture,East,2,204.79,0.1,368.62,266.23,102.39
ORD-2026-1668,2026-02-03,CUST-147,Ergonomic Chair,Furniture,South,1,107.71,0.0,107.71,70.01,37.7
ORD-2026-1669,2026-02-21,CUST-174,Laptop,Electronics,South,2,765.0,0.0,1530.0,1101.6,428.4
ORD-2026-1670,2026-02-01,CUST-298,Notebook,Office Supplies,North,14,51.71,0.0,723.91,470.54,253.37
ORD-2026-1671,2026-06-11,CUST-134,Ergonomic Chair,Furniture,North,1,117.21,0.0,117.21,76.19,41.02
ORD-2026-1672,2026-01-15,CUST-129,Notebook,Office Supplies,East,9,26.62,0.0,239.59,155.73,83.86
ORD-2026-1673,2026-04-05,CUST-263,Laptop,Electronics,South,2,774.58,0.35,1006.95,1115.4,-108.45
ORD-2026-1674,2026-03-15,CUST-193,Ergonomic Chair,Furniture,East,3,185.53,0.1,500.92,361.78,139.14
ORD-2026-1675,2026-06-26,CUST-235,Bookshelf,Furniture,North,2,142.81,0.0,285.62,185.65,99.97
ORD-2026-1676,2026-01-21,CUST-102,Smartwatch,Electronics,East,5,587.13,0.0,2935.63,2113.65,821.98
ORD-2026-1677,2026-03-13,CUST-255,Binder Clip Pack,Office Supplies,North,3,47.59,0.0,142.77,92.8,49.97
ORD-2026-1678,2026-06-24,CUST-187,Ergonomic Chair,Furniture,East,1,109.49,0.0,109.49,71.17,38.32
ORD-2026-1679,2026-06-05,CUST-173,Wireless Headphones,Electronics,East,5,625.72,0.25,2346.47,2252.61,93.86
ORD-2026-1680,2026-05-28,CUST-106,Ergonomic Chair,Furniture,North,2,194.59,0.0,389.17,252.96,136.21
ORD-2026-1681,2026-02-16,CUST-164,Desk Organizer,Office Supplies,North,5,41.27,0.0,206.37,134.14,72.23
ORD-2026-1682,2026-01-31,CUST-267,Smartwatch,Electronics,East,5,182.27,0.0,911.34,656.16,255.18
ORD-2026-1683,2026-05-01,CUST-258,Wireless Headphones,Electronics,North,4,627.5,0.35,1631.51,1807.21,-175.7
ORD-2026-1684,2026-06-17,CUST-111,Smartphone,Electronics,North,1,373.68,0.15,317.63,269.05,48.58
ORD-2026-1685,2026-04-11,CUST-176,Desk Lamp,Furniture,South,1,386.94,0.15,328.9,251.51,77.39
ORD-2026-1686,2026-04-13,CUST-280,Ergonomic Chair,Furniture,East,2,214.46,0.0,428.92,278.8,150.12
ORD-2026-1687,2026-02-20,CUST-220,Smartwatch,Electronics,East,3,888.93,0.0,2666.8,1920.1,746.7
ORD-2026-1688,2026-05-19,CUST-103,Wireless Headphones,Electronics,North,3,377.02,0.15,961.4,814.36,147.04
ORD-2026-1689,2026-02-03,CUST-200,Desk Organizer,Office Supplies,East,13,58.83,0.0,764.8,497.12,267.68
ORD-2026-1690,2026-02-28,CUST-204,Ergonomic Chair,Furniture,West,2,354.12,0.0,708.24,460.36,247.88
ORD-2026-1691,2026-03-18,CUST-179,Ergonomic Chair,Furniture,East,3,244.49,0.0,733.48,476.76,256.72
ORD-2026-1692,2026-04-02,CUST-190,Smartphone,Electronics,North,2,365.3,0.15,621.0,526.02,94.98
ORD-2026-1693,2026-02-13,CUST-250,Pen Set,Office Supplies,West,2,17.59,0.0,35.17,22.86,12.31
ORD-2026-1694,2026-01-21,CUST-225,Ergonomic Chair,Furniture,North,3,296.56,0.0,889.68,578.29,311.39
ORD-2026-1695,2026-04-20,CUST-276,Wireless Headphones,Electronics,East,3,326.83,0.25,735.37,705.95,29.42
ORD-2026-1696,2026-02-21,CUST-291,Desk Lamp,Furniture,South,3,345.42,0.0,1036.27,673.58,362.69
ORD-2026-1697,2026-04-15,CUST-223,Laptop,Electronics,West,2,580.34,0.35,754.44,835.69,-81.25
ORD-2026-1698,2026-01-28,CUST-186,Wireless Headphones,Electronics,North,4,731.5,0.0,2926.01,2106.73,819.28
ORD-2026-1699,2026-03-28,CUST-244,Smartwatch,Electronics,North,5,927.48,0.0,4637.38,3338.91,1298.47
ORD-2026-1700,2026-04-06,CUST-199,Ergonomic Chair,Furniture,East,2,307.57,0.0,615.15,399.85,215.3
ORD-2026-1701,2026-01-10,CUST-133,Bookshelf,Furniture,South,1,164.17,0.0,164.17,106.71,57.46
ORD-2026-1702,2026-03-02,CUST-221,Binder Clip Pack,Office Supplies,West,14,34.26,0.0,479.66,311.78,167.88
ORD-2026-1703,2026-01-25,CUST-191,Standing Desk,Furniture,South,1,341.08,0.0,341.08,221.7,119.38
ORD-2026-1704,2026-01-12,CUST-157,Pen Set,Office Supplies,North,10,11.97,0.0,119.68,77.79,41.89
ORD-2026-1705,2026-06-28,CUST-149,Wireless Headphones,Electronics,South,3,736.9,0.15,1879.1,1591.71,287.39
ORD-2026-1706,2026-02-28,CUST-221,Laptop,Electronics,East,3,604.75,0.0,1814.24,1306.25,507.99
ORD-2026-1707,2026-05-26,CUST-191,Wireless Headphones,Electronics,West,2,709.42,0.25,1064.13,1021.56,42.57
ORD-2026-1708,2026-02-15,CUST-255,Desk Organizer,Office Supplies,West,7,12.53,0.0,87.68,56.99,30.69
ORD-2026-1709,2026-05-03,CUST-196,Smartphone,Electronics,East,5,308.35,0.35,1002.14,1110.07,-107.93
ORD-2026-1710,2026-05-17,CUST-226,Binder Clip Pack,Office Supplies,West,9,29.61,0.0,266.52,173.24,93.28
ORD-2026-1711,2026-04-18,CUST-283,Smartphone,Electronics,North,5,330.6,0.35,1074.44,1190.15,-115.71
ORD-2026-1712,2026-03-26,CUST-180,Binder Clip Pack,Office Supplies,South,2,22.94,0.05,43.58,29.82,13.76
ORD-2026-1713,2026-03-16,CUST-158,Bookshelf,Furniture,West,3,113.79,0.1,307.23,221.89,85.34
ORD-2026-1714,2026-03-04,CUST-116,Ergonomic Chair,Furniture,North,2,277.63,0.1,499.73,360.92,138.81
ORD-2026-1715,2026-06-17,CUST-267,Laptop,Electronics,North,1,476.07,0.35,309.45,342.77,-33.32
ORD-2026-1716,2026-05-30,CUST-295,Laptop,Electronics,North,4,160.88,0.25,482.63,463.33,19.3
ORD-2026-1717,2026-06-23,CUST-116,Standing Desk,Furniture,North,3,113.51,0.1,306.47,221.34,85.13
ORD-2026-1718,2026-01-23,CUST-255,Binder Clip Pack,Office Supplies,North,13,29.23,0.0,379.94,246.96,132.98
ORD-2026-1719,2026-05-12,CUST-164,Ergonomic Chair,Furniture,South,1,374.76,0.15,318.55,243.59,74.96
ORD-2026-1720,2026-06-18,CUST-202,Smartphone,Electronics,South,3,294.12,0.15,750.0,635.29,114.71
ORD-2026-1721,2026-02-02,CUST-276,Standing Desk,Furniture,West,2,109.45,0.1,197.02,142.29,54.73
ORD-2026-1722,2026-01-12,CUST-245,Desk Lamp,Furniture,South,2,422.56,0.0,845.11,549.32,295.79
ORD-2026-1723,2026-05-14,CUST-232,Wireless Headphones,Electronics,South,3,691.79,0.35,1348.99,1494.27,-145.28
ORD-2026-1724,2026-04-14,CUST-293,Standing Desk,Furniture,West,1,437.65,0.15,372.0,284.47,87.53
ORD-2026-1725,2026-06-01,CUST-167,Standing Desk,Furniture,North,1,124.23,0.0,124.23,80.75,43.48
ORD-2026-1726,2026-01-26,CUST-207,Notebook,Office Supplies,South,13,25.78,0.05,318.4,217.85,100.55
ORD-2026-1727,2026-05-24,CUST-207,Laptop,Electronics,East,2,460.24,0.25,690.36,662.75,27.61
ORD-2026-1728,2026-02-06,CUST-218,Desk Organizer,Office Supplies,South,4,10.14,0.0,40.54,26.35,14.19
ORD-2026-1729,2026-01-30,CUST-177,Laptop,Electronics,East,2,741.66,0.05,1409.16,1068.0,341.16
ORD-2026-1730,2026-01-30,CUST-150,Notebook,Office Supplies,South,7,20.88,0.0,146.16,95.0,51.16
ORD-2026-1731,2026-05-27,CUST-103,Smartwatch,Electronics,South,5,267.38,0.25,1002.68,962.57,40.11
ORD-2026-1732,2026-04-30,CUST-236,Smartwatch,Electronics,North,5,263.08,0.35,855.02,947.1,-92.08
ORD-2026-1733,2026-04-05,CUST-167,Wireless Headphones,Electronics,North,3,691.24,0.25,1555.3,1493.09,62.21
ORD-2026-1734,2026-03-06,CUST-167,Smartwatch,Electronics,East,4,436.93,0.0,1747.72,1258.36,489.36
ORD-2026-1735,2026-06-07,CUST-101,Ergonomic Chair,Furniture,South,1,334.28,0.0,334.28,217.28,117.0
ORD-2026-1736,2026-03-12,CUST-210,Smartwatch,Electronics,North,3,290.82,0.05,828.84,628.17,200.67
ORD-2026-1737,2026-05-27,CUST-138,Wireless Headphones,Electronics,North,5,415.79,0.25,1559.21,1496.84,62.37
ORD-2026-1738,2026-03-21,CUST-139,Smartphone,Electronics,East,2,637.75,0.0,1275.49,918.35,357.14
ORD-2026-1739,2026-03-09,CUST-225,Desk Lamp,Furniture,North,1,255.54,0.1,229.99,166.1,63.89
ORD-2026-1740,2026-03-25,CUST-174,Desk Organizer,Office Supplies,South,4,45.72,0.0,182.89,118.88,64.01
ORD-2026-1741,2026-02-24,CUST-252,Ergonomic Chair,Furniture,South,1,147.25,0.0,147.25,95.71,51.54
ORD-2026-1742,2026-05-15,CUST-169,Bookshelf,Furniture,West,1,401.05,0.0,401.05,260.68,140.37
ORD-2026-1743,2026-04-01,CUST-171,Smartwatch,Electronics,East,4,197.76,0.15,672.39,569.56,102.83
ORD-2026-1744,2026-02-11,CUST-265,Desk Lamp,Furniture,North,1,378.51,0.0,378.51,246.03,132.48
ORD-2026-1745,2026-06-11,CUST-222,Smartphone,Electronics,South,2,314.98,0.15,535.47,453.57,81.9
ORD-2026-1746,2026-03-11,CUST-255,Standing Desk,Furniture,North,2,118.19,0.0,236.38,153.65,82.73
ORD-2026-1747,2026-04-08,CUST-144,Ergonomic Chair,Furniture,South,3,119.48,0.0,358.45,232.99,125.46
ORD-2026-1748,2026-06-13,CUST-106,Ergonomic Chair,Furniture,North,3,121.59,0.0,364.76,237.09,127.67
ORD-2026-1749,2026-04-23,CUST-242,Smartphone,Electronics,North,4,376.67,0.25,1130.02,1084.82,45.2
ORD-2026-1750,2026-01-22,CUST-278,Desk Lamp,Furniture,North,1,352.29,0.15,299.45,228.99,70.46
ORD-2026-1751,2026-06-19,CUST-285,Standing Desk,Furniture,North,3,183.28,0.0,549.83,357.39,192.44
ORD-2026-1752,2026-04-23,CUST-210,Smartphone,Electronics,West,2,762.23,0.15,1295.79,1097.61,198.18
ORD-2026-1753,2026-03-02,CUST-142,Ergonomic Chair,Furniture,South,3,279.5,0.1,754.65,545.02,209.63
ORD-2026-1754,2026-01-26,CUST-291,Bookshelf,Furniture,North,2,115.9,0.1,208.61,150.66,57.95
ORD-2026-1755,2026-05-23,CUST-213,Notebook,Office Supplies,South,14,33.45,0.05,444.9,304.41,140.49
ORD-2026-1756,2026-04-22,CUST-232,Laptop,Electronics,West,1,344.88,0.35,224.17,248.31,-24.14
ORD-2026-1757,2026-04-07,CUST-104,Smartphone,Electronics,East,4,581.89,0.15,1978.44,1675.86,302.58
ORD-2026-1758,2026-06-10,CUST-194,Wireless Headphones,Electronics,North,3,130.82,0.35,255.09,282.56,-27.47
ORD-2026-1759,2026-05-22,CUST-189,Desk Organizer,Office Supplies,South,7,13.85,0.0,96.94,63.01,33.93
ORD-2026-1760,2026-01-28,CUST-163,Wireless Headphones,Electronics,North,1,900.13,0.0,900.13,648.09,252.04
ORD-2026-1761,2026-02-26,CUST-145,Smartwatch,Electronics,West,4,806.41,0.0,3225.62,2322.45,903.17
ORD-2026-1762,2026-02-14,CUST-128,Ergonomic Chair,Furniture,South,2,295.54,0.1,531.96,384.2,147.76
ORD-2026-1763,2026-05-14,CUST-268,Desk Lamp,Furniture,North,2,148.17,0.15,251.89,192.62,59.27
ORD-2026-1764,2026-01-07,CUST-172,Desk Organizer,Office Supplies,South,6,15.47,0.0,92.85,60.35,32.5
ORD-2026-1765,2026-04-13,CUST-171,Wireless Headphones,Electronics,North,3,140.46,0.15,358.16,303.39,54.77
ORD-2026-1766,2026-05-18,CUST-145,Ergonomic Chair,Furniture,West,1,335.08,0.0,335.08,217.8,117.28
ORD-2026-1767,2026-06-07,CUST-252,Smartphone,Electronics,West,2,754.55,0.25,1131.83,1086.56,45.27
ORD-2026-1768,2026-03-03,CUST-181,Wireless Headphones,Electronics,East,5,407.86,0.05,1937.33,1468.3,469.03
ORD-2026-1769,2026-05-28,CUST-164,Desk Organizer,Office Supplies,East,9,34.86,0.0,313.75,203.94,109.81
ORD-2026-1770,2026-01-20,CUST-145,Wireless Headphones,Electronics,West,1,176.74,0.0,176.74,127.25,49.49
ORD-2026-1771,2026-06-02,CUST-123,Desk Organizer,Office Supplies,North,11,34.72,0.0,381.9,248.23,133.67
ORD-2026-1772,2026-01-23,CUST-281,Wireless Headphones,Electronics,West,3,327.83,0.05,934.31,708.11,226.2
ORD-2026-1773,2026-03-13,CUST-142,Binder Clip Pack,Office Supplies,East,11,39.68,0.0,436.53,283.74,152.79
ORD-2026-1774,2026-05-24,CUST-277,Notebook,Office Supplies,West,8,24.61,0.05,187.06,127.99,59.07
ORD-2026-1775,2026-01-27,CUST-200,Bookshelf,Furniture,South,1,175.82,0.15,149.45,114.28,35.17
ORD-2026-1776,2026-02-11,CUST-216,Pen Set,Office Supplies,West,5,18.44,0.0,92.19,59.92,32.27
ORD-2026-1777,2026-05-11,CUST-153,Desk Organizer,Office Supplies,South,4,33.45,0.0,133.81,86.98,46.83
ORD-2026-1778,2026-05-10,CUST-150,Wireless Headphones,Electronics,North,1,400.45,0.15,340.38,288.32,52.06
ORD-2026-1779,2026-04-26,CUST-135,Wireless Headphones,Electronics,East,4,674.05,0.15,2291.78,1941.27,350.51
ORD-2026-1780,2026-05-05,CUST-227,Laptop,Electronics,South,2,553.22,0.25,829.83,796.64,33.19
ORD-2026-1781,2026-04-08,CUST-287,Wireless Headphones,Electronics,North,5,148.59,0.25,557.21,534.92,22.29
ORD-2026-1782,2026-02-15,CUST-241,Ergonomic Chair,Furniture,South,2,206.45,0.1,371.6,268.38,103.22
ORD-2026-1783,2026-03-04,CUST-140,Binder Clip Pack,Office Supplies,North,4,16.59,0.0,66.36,43.13,23.23
ORD-2026-1784,2026-02-02,CUST-111,Notebook,Office Supplies,West,14,32.42,0.0,453.84,295.0,158.84
ORD-2026-1785,2026-06-13,CUST-144,Smartphone,Electronics,North,3,417.72,0.15,1065.19,902.28,162.91
ORD-2026-1786,2026-04-16,CUST-128,Smartphone,Electronics,North,1,167.14,0.15,142.07,120.34,21.73
ORD-2026-1787,2026-03-14,CUST-192,Standing Desk,Furniture,South,2,196.82,0.0,393.63,255.86,137.77
ORD-2026-1788,2026-03-25,CUST-213,Laptop,Electronics,North,3,808.4,0.05,2303.95,1746.15,557.8
ORD-2026-1789,2026-06-20,CUST-157,Desk Lamp,Furniture,North,2,294.45,0.0,588.9,382.79,206.11
ORD-2026-1790,2026-01-28,CUST-136,Smartphone,Electronics,North,1,362.14,0.1,325.93,260.74,65.19
ORD-2026-1791,2026-04-16,CUST-131,Laptop,Electronics,East,5,212.05,0.35,689.16,763.38,-74.22
ORD-2026-1792,2026-04-02,CUST-129,Bookshelf,Furniture,North,3,180.54,0.0,541.61,352.05,189.56
ORD-2026-1793,2026-04-21,CUST-143,Laptop,Electronics,West,1,536.07,0.35,348.45,385.97,-37.52
ORD-2026-1794,2026-01-04,CUST-130,Wireless Headphones,Electronics,North,1,206.05,0.05,195.75,148.36,47.39
ORD-2026-1795,2026-06-06,CUST-143,Standing Desk,Furniture,North,1,193.18,0.0,193.18,125.57,67.61
ORD-2026-1796,2026-06-17,CUST-297,Desk Lamp,Furniture,North,1,213.65,0.1,192.28,138.87,53.41
ORD-2026-1797,2026-04-12,CUST-297,Bookshelf,Furniture,West,2,255.58,0.15,434.48,332.25,102.23
ORD-2026-1798,2026-05-06,CUST-202,Pen Set,Office Supplies,West,5,50.68,0.0,253.4,164.71,88.69
ORD-2026-1799,2026-06-16,CUST-286,Pen Set,Office Supplies,North,13,14.68,0.05,181.27,124.03,57.24
ORD-2026-1800,2026-05-08,CUST-172,Bookshelf,Furniture,East,2,198.41,0.0,396.81,257.93,138.88
ORD-2026-1801,2026-01-28,CUST-139,Smartwatch,Electronics,West,3,475.42,0.0,1426.26,1026.91,399.35
ORD-2026-1802,2026-04-14,CUST-287,Bookshelf,Furniture,South,2,271.67,0.1,489.0,353.16,135.84
ORD-2026-1803,2026-04-20,CUST-195,Bookshelf,Furniture,West,3,179.6,0.0,538.8,350.22,188.58
ORD-2026-1804,2026-03-18,CUST-121,Smartphone,Electronics,South,1,205.45,0.0,205.45,147.92,57.53
ORD-2026-1805,2026-05-13,CUST-216,Desk Lamp,Furniture,East,3,245.79,0.1,663.63,479.29,184.34
ORD-2026-1806,2026-06-18,CUST-229,Desk Lamp,Furniture,East,1,267.73,0.0,267.73,174.02,93.71
ORD-2026-1807,2026-06-16,CUST-171,Pen Set,Office Supplies,West,3,10.04,0.0,30.11,19.57,10.54
ORD-2026-1808,2026-03-23,CUST-105,Ergonomic Chair,Furniture,South,2,170.95,0.15,290.62,222.24,68.38
ORD-2026-1809,2026-01-21,CUST-203,Desk Lamp,Furniture,East,3,280.89,0.0,842.66,547.73,294.93
ORD-2026-1810,2026-06-27,CUST-151,Smartphone,Electronics,South,3,242.15,0.15,617.48,523.04,94.44
ORD-2026-1811,2026-06-01,CUST-219,Ergonomic Chair,Furniture,West,3,425.06,0.1,1147.67,828.87,318.8
ORD-2026-1812,2026-01-23,CUST-172,Binder Clip Pack,Office Supplies,North,4,39.29,0.0,157.16,102.15,55.01
ORD-2026-1813,2026-06-15,CUST-190,Smartphone,Electronics,West,4,312.87,0.35,813.46,901.07,-87.61
ORD-2026-1814,2026-06-06,CUST-275,Smartphone,Electronics,West,2,174.58,0.15,296.79,251.4,45.39
ORD-2026-1815,2026-04-04,CUST-242,Laptop,Electronics,East,5,572.18,0.15,2431.76,2059.85,371.91
ORD-2026-1816,2026-04-17,CUST-163,Standing Desk,Furniture,West,1,215.46,0.15,183.14,140.05,43.09
ORD-2026-1817,2026-03-13,CUST-128,Smartwatch,Electronics,North,3,694.2,0.0,2082.6,1499.47,583.13
ORD-2026-1818,2026-01-10,CUST-189,Laptop,Electronics,East,5,175.21,0.05,832.25,630.76,201.49
ORD-2026-1819,2026-03-02,CUST-222,Pen Set,Office Supplies,East,6,50.55,0.05,288.12,197.13,90.99
ORD-2026-1820,2026-05-25,CUST-267,Desk Lamp,Furniture,North,1,109.85,0.15,93.37,71.4,21.97
ORD-2026-1821,2026-01-01,CUST-110,Wireless Headphones,Electronics,West,5,783.05,0.0,3915.24,2818.97,1096.27
ORD-2026-1822,2026-03-02,CUST-273,Wireless Headphones,Electronics,North,1,580.06,0.0,580.06,417.64,162.42
ORD-2026-1823,2026-03-13,CUST-204,Smartwatch,Electronics,South,1,552.1,0.0,552.1,397.51,154.59
ORD-2026-1824,2026-04-07,CUST-184,Laptop,Electronics,East,5,662.66,0.35,2153.66,2385.59,-231.93
ORD-2026-1825,2026-06-15,CUST-259,Bookshelf,Furniture,West,1,326.91,0.1,294.22,212.49,81.73
ORD-2026-1826,2026-03-04,CUST-246,Smartphone,Electronics,North,3,668.61,0.05,1905.53,1444.19,461.34
ORD-2026-1827,2026-03-04,CUST-121,Ergonomic Chair,Furniture,North,2,317.93,0.0,635.87,413.32,222.55
ORD-2026-1828,2026-05-13,CUST-168,Smartphone,Electronics,West,5,659.49,0.35,2143.35,2374.17,-230.82
ORD-2026-1829,2026-03-23,CUST-208,Standing Desk,Furniture,West,2,272.73,0.0,545.45,354.54,190.91
ORD-2026-1830,2026-02-10,CUST-227,Smartphone,Electronics,North,4,222.58,0.0,890.31,641.02,249.29
ORD-2026-1831,2026-03-23,CUST-268,Desk Lamp,Furniture,South,1,371.9,0.1,334.71,241.73,92.98
ORD-2026-1832,2026-01-26,CUST-154,Pen Set,Office Supplies,North,11,53.33,0.0,586.63,381.31,205.32
ORD-2026-1833,2026-02-01,CUST-276,Desk Lamp,Furniture,North,1,247.71,0.0,247.71,161.01,86.7
ORD-2026-1834,2026-03-31,CUST-192,Smartphone,Electronics,West,1,560.81,0.0,560.81,403.78,157.03
ORD-2026-1835,2026-03-17,CUST-132,Wireless Headphones,Electronics,East,2,422.77,0.0,845.55,608.8,236.75
ORD-2026-1836,2026-06-14,CUST-169,Pen Set,Office Supplies,East,7,56.73,0.0,397.09,258.11,138.98
ORD-2026-1837,2026-03-07,CUST-184,Notebook,Office Supplies,South,11,37.87,0.0,416.59,270.78,145.81
ORD-2026-1838,2026-04-15,CUST-115,Smartwatch,Electronics,North,1,425.2,0.15,361.42,306.14,55.28
ORD-2026-1839,2026-04-24,CUST-270,Desk Organizer,Office Supplies,East,2,27.83,0.0,55.66,36.18,19.48
ORD-2026-1840,2026-01-03,CUST-165,Smartphone,Electronics,North,3,548.01,0.05,1561.84,1183.71,378.13
ORD-2026-1841,2026-04-30,CUST-200,Smartphone,Electronics,North,1,397.82,0.35,258.58,286.43,-27.85
ORD-2026-1842,2026-02-02,CUST-281,Laptop,Electronics,East,1,520.09,0.0,520.09,374.46,145.63
ORD-2026-1843,2026-06-22,CUST-116,Wireless Headphones,Electronics,East,5,332.41,0.15,1412.75,1196.68,216.07
ORD-2026-1844,2026-01-27,CUST-190,Desk Lamp,Furniture,North,1,152.51,0.1,137.26,99.13,38.13
ORD-2026-1845,2026-03-16,CUST-163,Smartwatch,Electronics,North,5,251.78,0.05,1195.95,906.41,289.54
ORD-2026-1846,2026-01-16,CUST-290,Laptop,Electronics,East,5,191.62,0.0,958.1,689.83,268.27
ORD-2026-1847,2026-06-29,CUST-114,Notebook,Office Supplies,East,8,35.49,0.0,283.89,184.53,99.36
ORD-2026-1848,2026-04-01,CUST-229,Smartphone,Electronics,North,3,700.38,0.15,1785.97,1512.82,273.15
ORD-2026-1849,2026-04-18,CUST-214,Desk Lamp,Furniture,South,3,425.28,0.15,1084.46,829.3,255.16
ORD-2026-1850,2026-01-13,CUST-282,Desk Lamp,Furniture,West,3,353.94,0.1,955.64,690.18,265.46
ORD-2026-1851,2026-05-15,CUST-207,Laptop,Electronics,South,3,533.06,0.15,1359.3,1151.41,207.89
ORD-2026-1852,2026-02-07,CUST-120,Ergonomic Chair,Furniture,East,3,266.98,0.0,800.94,520.61,280.33
ORD-2026-1853,2026-06-11,CUST-168,Bookshelf,Furniture,North,2,389.35,0.1,700.83,506.16,194.67
ORD-2026-1854,2026-02-06,CUST-285,Laptop,Electronics,South,3,313.78,0.0,941.33,677.76,263.57
ORD-2026-1855,2026-02-04,CUST-105,Smartwatch,Electronics,East,3,193.61,0.0,580.82,418.19,162.63
ORD-2026-1856,2026-01-07,CUST-250,Bookshelf,Furniture,West,2,291.52,0.0,583.04,378.98,204.06
ORD-2026-1857,2026-03-26,CUST-169,Desk Lamp,Furniture,North,2,438.94,0.15,746.21,570.63,175.58
ORD-2026-1858,2026-04-12,CUST-123,Laptop,Electronics,North,2,183.69,0.35,238.8,264.51,-25.71
ORD-2026-1859,2026-01-12,CUST-261,Smartwatch,Electronics,North,4,914.05,0.0,3656.2,2632.46,1023.74
ORD-2026-1860,2026-05-20,CUST-123,Standing Desk,Furniture,North,3,430.71,0.0,1292.12,839.88,452.24
ORD-2026-1861,2026-03-23,CUST-148,Standing Desk,Furniture,North,3,228.36,0.15,582.32,445.3,137.02
ORD-2026-1862,2026-04-05,CUST-106,Smartwatch,Electronics,South,1,367.92,0.35,239.15,264.9,-25.75
ORD-2026-1863,2026-03-21,CUST-231,Desk Lamp,Furniture,West,3,220.33,0.1,594.9,429.65,165.25
ORD-2026-1864,2026-03-14,CUST-207,Smartwatch,Electronics,South,4,612.85,0.0,2451.4,1765.01,686.39
ORD-2026-1865,2026-04-11,CUST-166,Laptop,Electronics,West,4,227.41,0.25,682.22,654.93,27.29
ORD-2026-1866,2026-01-28,CUST-108,Wireless Headphones,Electronics,West,2,225.88,0.05,429.17,325.27,103.9
ORD-2026-1867,2026-02-02,CUST-207,Pen Set,Office Supplies,North,10,19.38,0.0,193.76,125.94,67.82
ORD-2026-1868,2026-06-05,CUST-246,Bookshelf,Furniture,North,2,204.87,0.0,409.73,266.32,143.41
ORD-2026-1869,2026-06-20,CUST-121,Ergonomic Chair,Furniture,East,2,446.58,0.0,893.15,580.55,312.6
ORD-2026-1870,2026-03-09,CUST-206,Smartphone,Electronics,South,4,872.42,0.1,3140.72,2512.58,628.14
ORD-2026-1871,2026-02-18,CUST-192,Smartwatch,Electronics,East,1,430.01,0.05,408.51,309.61,98.9
ORD-2026-1872,2026-04-26,CUST-210,Standing Desk,Furniture,West,2,366.78,0.0,733.56,476.81,256.75
ORD-2026-1873,2026-03-15,CUST-132,Binder Clip Pack,Office Supplies,West,12,38.13,0.0,457.59,297.43,160.16
ORD-2026-1874,2026-01-05,CUST-236,Desk Lamp,Furniture,West,1,239.88,0.0,239.88,155.92,83.96
ORD-2026-1875,2026-01-29,CUST-166,Wireless Headphones,Electronics,West,4,724.3,0.05,2752.33,2085.98,666.35
ORD-2026-1876,2026-05-09,CUST-138,Wireless Headphones,Electronics,East,3,366.85,0.35,715.36,792.4,-77.04
ORD-2026-1877,2026-04-29,CUST-139,Ergonomic Chair,Furniture,North,1,289.27,0.0,289.27,188.03,101.24
ORD-2026-1878,2026-01-05,CUST-108,Wireless Headphones,Electronics,West,4,439.41,0.05,1669.78,1265.52,404.26
ORD-2026-1879,2026-02-09,CUST-105,Smartphone,Electronics,East,5,611.75,0.0,3058.75,2202.3,856.45
ORD-2026-1880,2026-02-11,CUST-109,Ergonomic Chair,Furniture,South,3,108.39,0.0,325.16,211.35,113.81
ORD-2026-1881,2026-05-01,CUST-110,Ergonomic Chair,Furniture,South,1,252.67,0.0,252.67,164.24,88.43
ORD-2026-1882,2026-01-04,CUST-231,Smartwatch,Electronics,South,1,344.5,0.0,344.5,248.04,96.46
ORD-2026-1883,2026-01-19,CUST-295,Desk Organizer,Office Supplies,North,7,42.26,0.05,281.04,192.29,88.75
ORD-2026-1884,2026-05-24,CUST-291,Binder Clip Pack,Office Supplies,North,2,59.0,0.0,118.0,76.7,41.3
ORD-2026-1885,2026-02-02,CUST-189,Smartwatch,Electronics,North,2,269.05,0.0,538.09,387.42,150.67
ORD-2026-1886,2026-04-28,CUST-251,Ergonomic Chair,Furniture,West,3,195.14,0.0,585.43,380.53,204.9
ORD-2026-1887,2026-02-12,CUST-242,Pen Set,Office Supplies,South,13,32.77,0.05,404.75,276.93,127.82
ORD-2026-1888,2026-01-18,CUST-299,Wireless Headphones,Electronics,North,5,882.75,0.0,4413.74,3177.89,1235.85
ORD-2026-1889,2026-02-13,CUST-221,Standing Desk,Furniture,North,1,94.58,0.1,85.12,61.48,23.64
ORD-2026-1890,2026-05-11,CUST-170,Notebook,Office Supplies,North,4,44.51,0.0,178.03,115.72,62.31
ORD-2026-1891,2026-06-04,CUST-225,Bookshelf,Furniture,West,3,178.46,0.1,481.84,348.0,133.84
ORD-2026-1892,2026-05-30,CUST-225,Desk Lamp,Furniture,East,2,336.56,0.0,673.12,437.53,235.59
ORD-2026-1893,2026-03-13,CUST-213,Desk Organizer,Office Supplies,South,2,52.85,0.0,105.7,68.7,37.0
ORD-2026-1894,2026-05-01,CUST-280,Notebook,Office Supplies,East,9,36.14,0.0,325.22,211.39,113.83
ORD-2026-1895,2026-02-06,CUST-178,Smartwatch,Electronics,North,4,431.78,0.0,1727.14,1243.54,483.6
ORD-2026-1896,2026-02-22,CUST-105,Laptop,Electronics,West,2,769.94,0.05,1462.9,1108.72,354.18
ORD-2026-1897,2026-06-11,CUST-161,Binder Clip Pack,Office Supplies,North,9,26.82,0.0,241.36,156.88,84.48
ORD-2026-1898,2026-01-03,CUST-258,Desk Lamp,Furniture,East,2,179.27,0.0,358.53,233.04,125.49
ORD-2026-1899,2026-01-16,CUST-232,Desk Organizer,Office Supplies,South,7,13.78,0.0,96.44,62.69,33.75
ORD-2026-1900,2026-02-07,CUST-177,Laptop,Electronics,North,3,573.63,0.05,1634.84,1239.03,395.81
ORD-2026-1901,2026-01-05,CUST-153,Standing Desk,Furniture,West,1,310.28,0.0,310.28,201.68,108.6
ORD-2026-1902,2026-02-02,CUST-155,Standing Desk,Furniture,West,2,239.23,0.0,478.45,310.99,167.46
ORD-2026-1903,2026-04-15,CUST-143,Smartphone,Electronics,East,4,274.14,0.25,822.42,789.52,32.9
ORD-2026-1904,2026-03-17,CUST-286,Standing Desk,Furniture,West,2,179.18,0.15,304.6,232.93,71.67
ORD-2026-1905,2026-06-10,CUST-169,Smartphone,Electronics,East,2,554.62,0.25,831.92,798.65,33.27
ORD-2026-1906,2026-05-28,CUST-281,Pen Set,Office Supplies,East,2,47.69,0.0,95.38,62.0,33.38
ORD-2026-1907,2026-03-03,CUST-146,Desk Lamp,Furniture,East,3,258.52,0.0,775.57,504.12,271.45
ORD-2026-1908,2026-02-16,CUST-276,Smartwatch,Electronics,North,3,543.92,0.0,1631.76,1174.87,456.89
ORD-2026-1909,2026-03-10,CUST-120,Smartphone,Electronics,North,1,478.65,0.0,478.65,344.63,134.02
ORD-2026-1910,2026-04-17,CUST-193,Smartwatch,Electronics,South,2,218.27,0.35,283.75,314.31,-30.56
ORD-2026-1911,2026-02-18,CUST-284,Bookshelf,Furniture,South,3,83.69,0.15,213.41,163.2,50.21
ORD-2026-1912,2026-04-23,CUST-298,Wireless Headphones,Electronics,East,1,157.33,0.35,102.26,113.28,-11.02
ORD-2026-1913,2026-03-15,CUST-156,Smartphone,Electronics,North,2,826.26,0.0,1652.53,1189.82,462.71
ORD-2026-1914,2026-04-10,CUST-176,Wireless Headphones,Electronics,East,5,432.43,0.15,1837.84,1556.76,281.08
ORD-2026-1915,2026-03-20,CUST-293,Notebook,Office Supplies,North,7,51.76,0.0,362.34,235.52,126.82
ORD-2026-1916,2026-02-23,CUST-169,Wireless Headphones,Electronics,West,1,157.28,0.0,157.28,113.24,44.04
ORD-2026-1917,2026-06-20,CUST-156,Bookshelf,Furniture,South,2,304.58,0.15,517.79,395.95,121.84
ORD-2026-1918,2026-05-18,CUST-214,Desk Organizer,Office Supplies,South,2,58.96,0.0,117.93,76.65,41.28
ORD-2026-1919,2026-01-26,CUST-292,Laptop,Electronics,South,5,417.28,0.0,2086.42,1502.22,584.2
ORD-2026-1920,2026-06-06,CUST-192,Laptop,Electronics,North,1,310.1,0.15,263.59,223.27,40.32
ORD-2026-1921,2026-03-29,CUST-185,Laptop,Electronics,North,1,408.82,0.0,408.82,294.35,114.47
ORD-2026-1922,2026-06-11,CUST-253,Smartwatch,Electronics,West,5,199.55,0.25,748.31,718.37,29.94
ORD-2026-1923,2026-05-24,CUST-243,Desk Lamp,Furniture,South,1,142.69,0.0,142.69,92.75,49.94
ORD-2026-1924,2026-03-18,CUST-118,Desk Organizer,Office Supplies,North,9,28.52,0.0,256.72,166.87,89.85
ORD-2026-1925,2026-01-05,CUST-190,Binder Clip Pack,Office Supplies,West,7,35.09,0.0,245.64,159.67,85.97
ORD-2026-1926,2026-02-18,CUST-214,Ergonomic Chair,Furniture,North,2,372.49,0.0,744.98,484.24,260.74
ORD-2026-1927,2026-04-08,CUST-270,Pen Set,Office Supplies,South,13,55.45,0.0,720.89,468.58,252.31
ORD-2026-1928,2026-04-25,CUST-173,Ergonomic Chair,Furniture,East,3,429.45,0.1,1159.51,837.43,322.08
ORD-2026-1929,2026-02-16,CUST-136,Laptop,Electronics,West,3,775.55,0.05,2210.31,1675.18,535.13
ORD-2026-1930,2026-01-26,CUST-189,Laptop,Electronics,South,1,680.23,0.0,680.23,489.77,190.46
ORD-2026-1931,2026-05-31,CUST-159,Smartwatch,Electronics,North,3,389.58,0.25,876.55,841.49,35.06
ORD-2026-1932,2026-06-27,CUST-298,Pen Set,Office Supplies,West,11,44.64,0.0,491.08,319.2,171.88
ORD-2026-1933,2026-04-05,CUST-251,Desk Lamp,Furniture,South,1,424.02,0.1,381.62,275.61,106.01
ORD-2026-1934,2026-01-31,CUST-102,Bookshelf,Furniture,East,2,111.6,0.1,200.88,145.08,55.8
ORD-2026-1935,2026-02-19,CUST-191,Standing Desk,Furniture,West,3,179.04,0.0,537.11,349.12,187.99
ORD-2026-1936,2026-01-04,CUST-204,Binder Clip Pack,Office Supplies,West,3,31.55,0.0,94.64,61.52,33.12
ORD-2026-1937,2026-06-14,CUST-164,Smartwatch,Electronics,East,2,464.89,0.35,604.36,669.44,-65.08
ORD-2026-1938,2026-01-22,CUST-187,Ergonomic Chair,Furniture,West,1,223.58,0.15,190.04,145.33,44.71
ORD-2026-1939,2026-04-14,CUST-135,Smartwatch,Electronics,East,1,222.7,0.25,167.02,160.34,6.68
ORD-2026-1940,2026-02-19,CUST-125,Smartwatch,Electronics,West,5,607.07,0.0,3035.33,2185.44,849.89
ORD-2026-1941,2026-04-10,CUST-128,Laptop,Electronics,East,3,275.97,0.15,703.72,596.1,107.62
ORD-2026-1942,2026-04-28,CUST-237,Standing Desk,Furniture,South,1,190.04,0.1,171.04,123.53,47.51
ORD-2026-1943,2026-05-30,CUST-214,Pen Set,Office Supplies,South,11,24.18,0.0,265.95,172.87,93.08
ORD-2026-1944,2026-02-07,CUST-121,Smartphone,Electronics,West,4,385.76,0.0,1543.04,1110.99,432.05
ORD-2026-1945,2026-01-02,CUST-267,Ergonomic Chair,Furniture,East,3,178.85,0.1,482.89,348.76,134.13
ORD-2026-1946,2026-01-25,CUST-266,Smartphone,Electronics,North,4,717.12,0.0,2868.48,2065.31,803.17
ORD-2026-1947,2026-06-12,CUST-214,Bookshelf,Furniture,East,1,170.15,0.1,153.14,110.6,42.54
ORD-2026-1948,2026-06-07,CUST-171,Wireless Headphones,Electronics,East,2,146.06,0.35,189.88,210.33,-20.45
ORD-2026-1949,2026-04-18,CUST-251,Smartphone,Electronics,West,4,434.01,0.15,1475.63,1249.95,225.68
ORD-2026-1950,2026-04-19,CUST-187,Smartphone,Electronics,East,2,742.12,0.35,964.75,1068.65,-103.9
ORD-2026-1951,2026-04-30,CUST-224,Notebook,Office Supplies,East,4,49.5,0.05,188.09,128.69,59.4
ORD-2026-1952,2026-02-01,CUST-168,Standing Desk,Furniture,East,3,107.41,0.15,273.89,209.44,64.45
ORD-2026-1953,2026-06-14,CUST-204,Laptop,Electronics,South,4,508.3,0.25,1524.9,1463.9,61.0
ORD-2026-1954,2026-03-17,CUST-287,Laptop,Electronics,West,1,379.48,0.0,379.48,273.23,106.25
ORD-2026-1955,2026-03-10,CUST-263,Wireless Headphones,Electronics,West,2,585.22,0.1,1053.4,842.72,210.68
ORD-2026-1956,2026-04-04,CUST-150,Desk Lamp,Furniture,South,2,121.75,0.0,243.5,158.28,85.22
ORD-2026-1957,2026-01-09,CUST-100,Laptop,Electronics,North,2,400.17,0.0,800.34,576.24,224.1
ORD-2026-1958,2026-01-30,CUST-133,Ergonomic Chair,Furniture,East,2,181.53,0.1,326.75,235.99,90.76
ORD-2026-1959,2026-05-13,CUST-164,Desk Organizer,Office Supplies,East,11,30.51,0.0,335.66,218.18,117.48
ORD-2026-1960,2026-01-15,CUST-212,Smartphone,Electronics,South,5,378.46,0.0,1892.32,1362.47,529.85
ORD-2026-1961,2026-04-19,CUST-163,Laptop,Electronics,North,3,266.92,0.25,600.57,576.55,24.02
ORD-2026-1962,2026-02-14,CUST-296,Binder Clip Pack,Office Supplies,West,14,51.21,0.0,716.99,466.04,250.95
ORD-2026-1963,2026-03-12,CUST-228,Wireless Headphones,Electronics,North,1,786.44,0.0,786.44,566.24,220.2
ORD-2026-1964,2026-02-21,CUST-142,Laptop,Electronics,West,4,628.09,0.0,2512.36,1808.9,703.46
ORD-2026-1965,2026-03-06,CUST-243,Pen Set,Office Supplies,North,3,50.56,0.0,151.67,98.59,53.08
ORD-2026-1966,2026-05-10,CUST-107,Ergonomic Chair,Furniture,North,3,395.59,0.1,1068.09,771.4,296.69
ORD-2026-1967,2026-02-23,CUST-142,Notebook,Office Supplies,North,12,28.33,0.0,339.98,220.99,118.99
ORD-2026-1968,2026-04-12,CUST-209,Notebook,Office Supplies,East,3,45.96,0.0,137.88,89.62,48.26
ORD-2026-1969,2026-03-27,CUST-211,Laptop,Electronics,South,4,556.01,0.0,2224.03,1601.3,622.73
ORD-2026-1970,2026-04-30,CUST-257,Wireless Headphones,Electronics,East,5,135.73,0.25,508.98,488.62,20.36
ORD-2026-1971,2026-06-18,CUST-258,Binder Clip Pack,Office Supplies,East,7,13.6,0.05,90.41,61.86,28.55
ORD-2026-1972,2026-05-12,CUST-243,Smartphone,Electronics,North,1,592.13,0.15,503.31,426.33,76.98
ORD-2026-1973,2026-02-08,CUST-299,Smartphone,Electronics,South,5,216.33,0.0,1081.66,778.8,302.86
ORD-2026-1974,2026-01-06,CUST-204,Smartwatch,Electronics,North,2,302.88,0.0,605.77,436.15,169.62
ORD-2026-1975,2026-02-17,CUST-113,Laptop,Electronics,South,2,522.39,0.0,1044.78,752.24,292.54
ORD-2026-1976,2026-04-18,CUST-294,Smartphone,Electronics,West,3,439.75,0.25,989.44,949.87,39.57
ORD-2026-1977,2026-01-10,CUST-203,Desk Lamp,Furniture,South,2,261.94,0.0,523.89,340.53,183.36
ORD-2026-1978,2026-03-31,CUST-235,Smartwatch,Electronics,South,5,535.27,0.0,2676.36,1926.98,749.38
ORD-2026-1979,2026-04-18,CUST-108,Bookshelf,Furniture,East,1,211.82,0.15,180.05,137.68,42.37
ORD-2026-1980,2026-03-02,CUST-209,Ergonomic Chair,Furniture,North,3,101.54,0.1,274.16,198.0,76.16
ORD-2026-1981,2026-05-19,CUST-190,Smartwatch,Electronics,East,4,471.47,0.35,1225.82,1357.83,-132.01
ORD-2026-1982,2026-01-20,CUST-175,Smartwatch,Electronics,West,5,589.54,0.0,2947.71,2122.35,825.36
ORD-2026-1983,2026-01-14,CUST-157,Smartwatch,Electronics,East,5,406.45,0.0,2032.25,1463.22,569.03
ORD-2026-1984,2026-05-12,CUST-109,Wireless Headphones,Electronics,South,4,155.37,0.35,403.97,447.47,-43.5
ORD-2026-1985,2026-03-31,CUST-242,Notebook,Office Supplies,West,14,53.36,0.0,747.01,485.56,261.45
ORD-2026-1986,2026-05-04,CUST-211,Ergonomic Chair,Furniture,West,2,134.4,0.15,228.47,174.71,53.76
ORD-2026-1987,2026-03-20,CUST-183,Notebook,Office Supplies,South,4,32.34,0.0,129.35,84.08,45.27
ORD-2026-1988,2026-02-14,CUST-132,Smartwatch,Electronics,South,3,384.25,0.0,1152.75,829.98,322.77
ORD-2026-1989,2026-05-28,CUST-144,Desk Organizer,Office Supplies,East,8,24.91,0.05,189.3,129.52,59.78
ORD-2026-1990,2026-05-24,CUST-271,Bookshelf,Furniture,North,2,107.98,0.1,194.37,140.38,53.99
ORD-2026-1991,2026-05-06,CUST-249,Bookshelf,Furniture,South,1,210.82,0.1,189.74,137.03,52.71
ORD-2026-1992,2026-02-18,CUST-154,Desk Lamp,Furniture,South,1,200.51,0.0,200.51,130.33,70.18
ORD-2026-1993,2026-04-17,CUST-292,Smartwatch,Electronics,North,4,143.38,0.35,372.79,412.93,-40.14
ORD-2026-1994,2026-03-06,CUST-109,Laptop,Electronics,North,1,867.03,0.0,867.03,624.26,242.77
ORD-2026-1995,2026-01-17,CUST-170,Wireless Headphones,Electronics,North,3,679.08,0.05,1935.38,1466.81,468.57
ORD-2026-1996,2026-06-15,CUST-257,Desk Lamp,Furniture,South,1,277.42,0.0,277.42,180.32,97.1
ORD-2026-1997,2026-01-25,CUST-122,Wireless Headphones,Electronics,North,2,283.41,0.0,566.82,408.11,158.71
ORD-2026-1998,2026-06-21,CUST-137,Smartwatch,Electronics,North,3,174.52,0.35,340.31,376.96,-36.65
ORD-2026-1999,2026-03-22,CUST-270,Standing Desk,Furniture,West,3,373.29,0.0,1119.86,727.91,391.95
ORD-2026-2000,2026-02-03,CUST-247,Desk Lamp,Furniture,South,1,136.32,0.0,136.32,88.61,47.71
ORD-2026-2001,2026-04-08,CUST-162,Ergonomic Chair,Furniture,South,2,389.36,0.15,661.92,506.17,155.75
ORD-2026-2002,2026-06-07,CUST-289,Desk Lamp,Furniture,East,1,267.14,0.0,267.14,173.64,93.5
ORD-2026-2003,2026-05-12,CUST-286,Wireless Headphones,Electronics,East,1,136.34,0.15,115.89,98.16,17.73
ORD-2026-2004,2026-05-26,CUST-277,Notebook,Office Supplies,South,10,33.39,0.0,333.87,217.02,116.85
ORD-2026-2005,2026-04-29,CUST-189,Pen Set,Office Supplies,North,11,54.98,0.0,604.79,393.11,211.68
ORD-2026-2006,2026-05-05,CUST-229,Smartwatch,Electronics,East,3,208.95,0.25,470.13,451.32,18.81
ORD-2026-2007,2026-06-02,CUST-216,Wireless Headphones,Electronics,South,4,131.8,0.35,342.67,379.58,-36.91
ORD-2026-2008,2026-02-14,CUST-180,Ergonomic Chair,Furniture,North,1,420.83,0.1,378.75,273.54,105.21
ORD-2026-2009,2026-03-30,CUST-246,Smartwatch,Electronics,East,4,496.21,0.0,1984.85,1429.09,555.76
ORD-2026-2010,2026-02-09,CUST-287,Smartwatch,Electronics,South,2,376.4,0.0,752.8,542.02,210.78
ORD-2026-2011,2026-06-27,CUST-274,Desk Lamp,Furniture,East,2,127.03,0.1,228.65,165.14,63.51
ORD-2026-2012,2026-06-19,CUST-153,Smartphone,Electronics,West,4,333.93,0.35,868.22,961.73,-93.51
ORD-2026-2013,2026-01-08,CUST-138,Wireless Headphones,Electronics,South,2,681.28,0.05,1294.43,981.04,313.39
ORD-2026-2014,2026-05-08,CUST-200,Ergonomic Chair,Furniture,West,3,230.97,0.0,692.92,450.4,242.52
ORD-2026-2015,2026-06-16,CUST-290,Desk Organizer,Office Supplies,South,14,10.54,0.0,147.56,95.91,51.65
ORD-2026-2016,2026-02-02,CUST-260,Desk Organizer,Office Supplies,South,11,53.97,0.0,593.7,385.91,207.79
ORD-2026-2017,2026-04-13,CUST-189,Smartphone,Electronics,South,2,236.06,0.15,401.3,339.93,61.37
ORD-2026-2018,2026-06-14,CUST-208,Standing Desk,Furniture,North,2,259.98,0.15,441.97,337.98,103.99
ORD-2026-2019,2026-01-07,CUST-163,Bookshelf,Furniture,East,3,366.47,0.0,1099.42,714.62,384.8
ORD-2026-2020,2026-05-06,CUST-196,Standing Desk,Furniture,West,2,346.39,0.1,623.49,450.3,173.19
ORD-2026-2021,2026-02-23,CUST-177,Wireless Headphones,Electronics,North,2,919.89,0.0,1839.78,1324.64,515.14
ORD-2026-2022,2026-06-16,CUST-265,Standing Desk,Furniture,South,1,196.34,0.1,176.71,127.62,49.09
ORD-2026-2023,2026-06-24,CUST-286,Desk Lamp,Furniture,South,3,242.25,0.1,654.07,472.38,181.69
ORD-2026-2024,2026-06-19,CUST-118,Desk Lamp,Furniture,North,3,414.84,0.15,1057.83,808.93,248.9
ORD-2026-2025,2026-03-27,CUST-181,Pen Set,Office Supplies,North,13,33.8,0.0,439.44,285.64,153.8
ORD-2026-2026,2026-06-05,CUST-192,Laptop,Electronics,South,5,766.83,0.35,2492.2,2760.59,-268.39
ORD-2026-2027,2026-06-02,CUST-297,Ergonomic Chair,Furniture,West,1,299.25,0.0,299.25,194.51,104.74
ORD-2026-2028,2026-02-27,CUST-202,Bookshelf,Furniture,North,1,360.25,0.0,360.25,234.16,126.09
ORD-2026-2029,2026-05-30,CUST-182,Desk Organizer,Office Supplies,North,9,48.31,0.0,434.77,282.6,152.17
ORD-2026-2030,2026-01-07,CUST-129,Laptop,Electronics,West,1,216.19,0.1,194.57,155.66,38.91
ORD-2026-2031,2026-04-18,CUST-122,Bookshelf,Furniture,South,2,221.77,0.15,377.01,288.3,88.71
ORD-2026-2032,2026-02-11,CUST-156,Smartwatch,Electronics,West,3,775.31,0.0,2325.93,1674.67,651.26
ORD-2026-2033,2026-01-22,CUST-208,Wireless Headphones,Electronics,West,5,906.86,0.0,4534.3,3264.7,1269.6
ORD-2026-2034,2026-01-14,CUST-117,Desk Organizer,Office Supplies,West,5,52.97,0.0,264.83,172.14,92.69
ORD-2026-2035,2026-05-06,CUST-255,Ergonomic Chair,Furniture,South,1,97.05,0.15,82.49,63.08,19.41
ORD-2026-2036,2026-03-03,CUST-123,Bookshelf,Furniture,East,1,140.89,0.0,140.89,91.58,49.31
ORD-2026-2037,2026-05-11,CUST-190,Desk Organizer,Office Supplies,North,12,36.6,0.05,417.2,285.45,131.75
ORD-2026-2038,2026-01-12,CUST-149,Bookshelf,Furniture,North,1,380.59,0.0,380.59,247.38,133.21
ORD-2026-2039,2026-02-26,CUST-120,Binder Clip Pack,Office Supplies,South,5,37.62,0.05,178.68,122.25,56.43
ORD-2026-2040,2026-04-08,CUST-155,Bookshelf,Furniture,South,2,382.29,0.0,764.58,496.98,267.6
ORD-2026-2041,2026-05-23,CUST-221,Ergonomic Chair,Furniture,North,2,222.91,0.0,445.81,289.78,156.03
ORD-2026-2042,2026-02-27,CUST-180,Smartwatch,Electronics,North,2,267.96,0.0,535.92,385.86,150.06
ORD-2026-2043,2026-04-23,CUST-253,Smartwatch,Electronics,East,1,774.14,0.25,580.61,557.38,23.23
ORD-2026-2044,2026-06-09,CUST-171,Smartwatch,Electronics,East,1,259.33,0.25,194.5,186.72,7.78
ORD-2026-2045,2026-04-21,CUST-124,Desk Organizer,Office Supplies,West,7,46.12,0.0,322.83,209.84,112.99
ORD-2026-2046,2026-02-11,CUST-101,Standing Desk,Furniture,West,3,138.65,0.0,415.96,270.37,145.59
ORD-2026-2047,2026-01-05,CUST-287,Notebook,Office Supplies,South,2,23.74,0.0,47.47,30.86,16.61
ORD-2026-2048,2026-06-06,CUST-145,Binder Clip Pack,Office Supplies,East,2,34.0,0.0,68.0,44.2,23.8
ORD-2026-2049,2026-01-04,CUST-291,Ergonomic Chair,Furniture,South,2,214.16,0.1,385.48,278.4,107.08
ORD-2026-2050,2026-06-07,CUST-244,Laptop,Electronics,North,1,333.4,0.15,283.39,240.05,43.34
ORD-2026-2051,2026-04-06,CUST-160,Desk Lamp,Furniture,East,3,105.16,0.1,283.94,205.07,78.87
ORD-2026-2052,2026-06-19,CUST-280,Bookshelf,Furniture,North,1,293.18,0.0,293.18,190.57,102.61
ORD-2026-2053,2026-05-24,CUST-258,Smartphone,Electronics,North,3,155.66,0.15,396.92,336.22,60.7
ORD-2026-2054,2026-06-29,CUST-257,Smartwatch,Electronics,South,1,578.17,0.25,433.63,416.28,17.35
ORD-2026-2055,2026-03-05,CUST-145,Laptop,Electronics,South,3,715.31,0.0,2145.94,1545.08,600.86
ORD-2026-2056,2026-05-19,CUST-221,Smartwatch,Electronics,North,1,769.1,0.35,499.92,553.75,-53.83
ORD-2026-2057,2026-03-14,CUST-199,Laptop,Electronics,North,4,850.29,0.0,3401.16,2448.84,952.32
ORD-2026-2058,2026-03-28,CUST-288,Laptop,Electronics,South,5,448.57,0.05,2130.69,1614.84,515.85
ORD-2026-2059,2026-04-23,CUST-156,Wireless Headphones,Electronics,East,3,538.42,0.25,1211.45,1162.99,48.46
ORD-2026-2060,2026-06-07,CUST-153,Smartwatch,Electronics,South,3,387.23,0.25,871.26,836.41,34.85
ORD-2026-2061,2026-06-27,CUST-132,Laptop,Electronics,West,2,503.33,0.25,754.99,724.79,30.2
ORD-2026-2062,2026-05-19,CUST-146,Binder Clip Pack,Office Supplies,North,14,31.19,0.0,436.67,283.84,152.83
ORD-2026-2063,2026-03-17,CUST-206,Ergonomic Chair,Furniture,North,3,140.12,0.0,420.37,273.24,147.13
ORD-2026-2064,2026-03-17,CUST-158,Laptop,Electronics,East,5,270.44,0.0,1352.18,973.57,378.61
ORD-2026-2065,2026-05-13,CUST-154,Standing Desk,Furniture,South,3,106.34,0.0,319.01,207.36,111.65
ORD-2026-2066,2026-02-12,CUST-166,Smartphone,Electronics,West,2,538.2,0.05,1022.59,775.02,247.57
ORD-2026-2067,2026-01-20,CUST-127,Smartwatch,Electronics,North,5,643.0,0.0,3215.02,2314.81,900.21
ORD-2026-2068,2026-03-05,CUST-283,Bookshelf,Furniture,East,3,275.04,0.0,825.13,536.33,288.8
ORD-2026-2069,2026-02-21,CUST-100,Ergonomic Chair,Furniture,South,3,151.58,0.15,386.52,295.57,90.95
ORD-2026-2070,2026-02-23,CUST-221,Notebook,Office Supplies,West,5,10.27,0.0,51.36,33.38,17.98
ORD-2026-2071,2026-02-12,CUST-184,Notebook,Office Supplies,North,7,42.24,0.0,295.66,192.18,103.48
ORD-2026-2072,2026-01-08,CUST-221,Desk Organizer,Office Supplies,East,6,15.81,0.05,90.14,61.67,28.47
ORD-2026-2073,2026-01-04,CUST-160,Smartwatch,Electronics,South,4,225.19,0.1,810.69,648.55,162.14
ORD-2026-2074,2026-06-27,CUST-143,Laptop,Electronics,South,1,363.93,0.15,309.34,262.03,47.31
ORD-2026-2075,2026-03-18,CUST-260,Smartphone,Electronics,West,3,817.54,0.05,2330.0,1765.89,564.11
ORD-2026-2076,2026-03-11,CUST-196,Smartphone,Electronics,North,1,846.64,0.0,846.64,609.58,237.06
ORD-2026-2077,2026-05-03,CUST-213,Standing Desk,Furniture,North,1,281.35,0.0,281.35,182.88,98.47
ORD-2026-2078,2026-02-09,CUST-168,Smartphone,Electronics,South,5,547.06,0.05,2598.53,1969.41,629.12
ORD-2026-2079,2026-06-20,CUST-250,Notebook,Office Supplies,West,7,15.47,0.0,108.27,70.38,37.89
ORD-2026-2080,2026-05-22,CUST-224,Standing Desk,Furniture,North,1,303.33,0.15,257.83,197.16,60.67
ORD-2026-2081,2026-01-17,CUST-221,Desk Lamp,Furniture,South,1,439.46,0.0,439.46,285.65,153.81
ORD-2026-2082,2026-03-17,CUST-119,Desk Organizer,Office Supplies,North,2,54.19,0.05,102.95,70.44,32.51
ORD-2026-2083,2026-06-08,CUST-141,Smartphone,Electronics,North,2,197.03,0.35,256.15,283.73,-27.58
ORD-2026-2084,2026-06-20,CUST-278,Laptop,Electronics,East,2,335.94,0.25,503.92,483.76,20.16
ORD-2026-2085,2026-03-26,CUST-240,Pen Set,Office Supplies,South,2,40.63,0.0,81.27,52.83,28.44
ORD-2026-2086,2026-04-21,CUST-260,Desk Lamp,Furniture,North,3,124.13,0.0,372.39,242.05,130.34
ORD-2026-2087,2026-01-31,CUST-108,Desk Organizer,Office Supplies,North,9,19.79,0.0,178.09,115.76,62.33
ORD-2026-2088,2026-06-28,CUST-169,Smartphone,Electronics,North,2,510.64,0.35,663.83,735.32,-71.49
ORD-2026-2089,2026-02-11,CUST-181,Ergonomic Chair,Furniture,North,3,386.97,0.0,1160.9,754.59,406.31
ORD-2026-2090,2026-06-19,CUST-254,Desk Lamp,Furniture,West,1,276.36,0.0,276.36,179.63,96.73
ORD-2026-2091,2026-04-27,CUST-170,Standing Desk,Furniture,East,2,383.97,0.1,691.15,499.16,191.99
ORD-2026-2092,2026-04-20,CUST-185,Bookshelf,Furniture,South,1,206.55,0.15,175.57,134.26,41.31
ORD-2026-2093,2026-04-03,CUST-163,Smartwatch,Electronics,South,2,220.15,0.15,374.26,317.02,57.24
ORD-2026-2094,2026-02-11,CUST-118,Wireless Headphones,Electronics,West,3,540.48,0.05,1540.38,1167.44,372.94
ORD-2026-2095,2026-02-01,CUST-107,Smartphone,Electronics,East,4,714.53,0.05,2715.2,2057.84,657.36
ORD-2026-2096,2026-02-09,CUST-286,Smartphone,Electronics,South,1,209.34,0.05,198.87,150.72,48.15
ORD-2026-2097,2026-02-03,CUST-124,Notebook,Office Supplies,North,14,59.51,0.0,833.16,541.55,291.61
ORD-2026-2098,2026-05-21,CUST-210,Bookshelf,Furniture,East,1,145.37,0.0,145.37,94.49,50.88
ORD-2026-2099,2026-03-05,CUST-280,Smartphone,Electronics,West,1,767.26,0.0,767.26,552.43,214.83
ORD-2026-2100,2026-01-11,CUST-175,Smartphone,Electronics,West,4,528.3,0.05,2007.55,1521.51,486.04
ORD-2026-2101,2026-06-24,CUST-102,Desk Lamp,Furniture,West,1,150.11,0.0,150.11,97.57,52.54
ORD-2026-2102,2026-06-09,CUST-277,Ergonomic Chair,Furniture,East,1,217.96,0.0,217.96,141.67,76.29
ORD-2026-2103,2026-06-16,CUST-296,Wireless Headphones,Electronics,South,2,518.71,0.35,674.33,746.95,-72.62
ORD-2026-2104,2026-06-29,CUST-153,Bookshelf,Furniture,West,1,118.68,0.0,118.68,77.14,41.54
ORD-2026-2105,2026-02-01,CUST-217,Notebook,Office Supplies,South,6,31.91,0.0,191.49,124.47,67.02
ORD-2026-2106,2026-03-13,CUST-185,Smartphone,Electronics,East,2,773.2,0.0,1546.41,1113.42,432.99
ORD-2026-2107,2026-05-17,CUST-224,Desk Lamp,Furniture,East,1,358.73,0.1,322.86,233.17,89.69
ORD-2026-2108,2026-05-06,CUST-129,Laptop,Electronics,North,5,530.68,0.15,2255.39,1910.45,344.94
ORD-2026-2109,2026-01-28,CUST-176,Smartphone,Electronics,North,2,731.2,0.05,1389.27,1052.92,336.35
ORD-2026-2110,2026-05-27,CUST-253,Notebook,Office Supplies,South,3,58.72,0.0,176.15,114.5,61.65
ORD-2026-2111,2026-02-10,CUST-166,Notebook,Office Supplies,West,8,13.68,0.05,103.96,71.13,32.83
ORD-2026-2112,2026-02-10,CUST-174,Bookshelf,Furniture,East,2,353.66,0.1,636.59,459.76,176.83
ORD-2026-2113,2026-04-07,CUST-246,Smartwatch,Electronics,South,2,672.62,0.35,874.41,968.58,-94.17
ORD-2026-2114,2026-04-17,CUST-263,Binder Clip Pack,Office Supplies,West,4,43.91,0.05,166.84,114.15,52.69
ORD-2026-2115,2026-04-15,CUST-203,Smartphone,Electronics,West,3,615.52,0.25,1384.92,1329.52,55.4
ORD-2026-2116,2026-01-17,CUST-108,Smartwatch,Electronics,South,3,155.22,0.0,465.66,335.28,130.38
ORD-2026-2117,2026-06-07,CUST-264,Laptop,Electronics,South,2,306.33,0.15,520.76,441.12,79.64
ORD-2026-2118,2026-02-17,CUST-223,Laptop,Electronics,West,5,490.71,0.0,2453.57,1766.57,687.0
ORD-2026-2119,2026-01-24,CUST-147,Desk Organizer,Office Supplies,North,3,38.35,0.0,115.05,74.78,40.27
ORD-2026-2120,2026-06-09,CUST-299,Ergonomic Chair,Furniture,West,2,280.68,0.0,561.37,364.89,196.48
ORD-2026-2121,2026-06-22,CUST-246,Laptop,Electronics,North,5,538.81,0.25,2020.52,1939.7,80.82
ORD-2026-2122,2026-06-05,CUST-278,Standing Desk,Furniture,North,2,329.45,0.15,560.07,428.29,131.78
ORD-2026-2123,2026-05-26,CUST-292,Ergonomic Chair,Furniture,South,1,97.18,0.0,97.18,63.17,34.01
ORD-2026-2124,2026-04-28,CUST-269,Smartwatch,Electronics,East,4,207.09,0.25,621.28,596.43,24.85
ORD-2026-2125,2026-04-10,CUST-114,Standing Desk,Furniture,West,2,302.99,0.0,605.98,393.89,212.09
ORD-2026-2126,2026-01-16,CUST-277,Smartphone,Electronics,South,1,720.66,0.1,648.59,518.88,129.71
ORD-2026-2127,2026-03-15,CUST-128,Wireless Headphones,Electronics,West,5,668.43,0.05,3175.02,2406.33,768.69
ORD-2026-2128,2026-03-09,CUST-262,Laptop,Electronics,North,5,749.61,0.05,3560.67,2698.61,862.06
ORD-2026-2129,2026-02-16,CUST-274,Standing Desk,Furniture,South,1,91.41,0.1,82.27,59.42,22.85
ORD-2026-2130,2026-05-11,CUST-100,Pen Set,Office Supplies,South,14,52.62,0.0,736.7,478.86,257.84
ORD-2026-2131,2026-03-31,CUST-127,Smartphone,Electronics,North,3,493.11,0.1,1331.4,1065.12,266.28
ORD-2026-2132,2026-01-15,CUST-123,Binder Clip Pack,Office Supplies,East,2,19.33,0.0,38.66,25.13,13.53
ORD-2026-2133,2026-02-09,CUST-191,Standing Desk,Furniture,South,1,122.66,0.15,104.26,79.73,24.53
ORD-2026-2134,2026-05-03,CUST-159,Desk Organizer,Office Supplies,West,8,21.96,0.0,175.69,114.2,61.49
ORD-2026-2135,2026-01-14,CUST-288,Ergonomic Chair,Furniture,North,2,270.9,0.15,460.53,352.17,108.36
ORD-2026-2136,2026-06-03,CUST-193,Wireless Headphones,Electronics,South,2,373.03,0.25,559.54,537.16,22.38
ORD-2026-2137,2026-03-31,CUST-183,Binder Clip Pack,Office Supplies,South,10,38.03,0.0,380.35,247.23,133.12
ORD-2026-2138,2026-03-28,CUST-185,Desk Lamp,Furniture,North,3,275.44,0.0,826.33,537.11,289.22
ORD-2026-2139,2026-04-17,CUST-262,Ergonomic Chair,Furniture,South,3,232.13,0.0,696.38,452.65,243.73
ORD-2026-2140,2026-05-29,CUST-245,Smartwatch,Electronics,West,3,526.14,0.35,1025.97,1136.46,-110.49
ORD-2026-2141,2026-03-04,CUST-264,Smartwatch,Electronics,North,4,666.61,0.0,2666.43,1919.83,746.6
ORD-2026-2142,2026-05-03,CUST-221,Desk Lamp,Furniture,South,3,324.74,0.0,974.21,633.24,340.97
ORD-2026-2143,2026-04-12,CUST-213,Laptop,Electronics,North,4,534.48,0.35,1389.65,1539.31,-149.66
ORD-2026-2144,2026-02-18,CUST-139,Wireless Headphones,Electronics,North,3,629.76,0.05,1794.83,1360.29,434.54
ORD-2026-2145,2026-06-08,CUST-233,Pen Set,Office Supplies,West,5,10.77,0.0,53.86,35.01,18.85
ORD-2026-2146,2026-05-24,CUST-262,Wireless Headphones,Electronics,North,3,459.26,0.15,1171.1,991.99,179.11
ORD-2026-2147,2026-04-29,CUST-262,Wireless Headphones,Electronics,West,1,439.06,0.25,329.3,316.12,13.18
ORD-2026-2148,2026-06-03,CUST-242,Standing Desk,Furniture,South,2,411.71,0.0,823.41,535.22,288.19
ORD-2026-2149,2026-06-06,CUST-226,Bookshelf,Furniture,East,3,161.82,0.1,436.92,315.56,121.36
ORD-2026-2150,2026-05-08,CUST-283,Wireless Headphones,Electronics,South,4,314.75,0.25,944.25,906.48,37.77
ORD-2026-2151,2026-05-31,CUST-256,Bookshelf,Furniture,South,1,331.5,0.0,331.5,215.47,116.03
ORD-2026-2152,2026-05-06,CUST-194,Ergonomic Chair,Furniture,North,1,232.06,0.0,232.06,150.84,81.22
ORD-2026-2153,2026-05-03,CUST-254,Smartwatch,Electronics,South,3,329.06,0.35,641.66,710.76,-69.1
ORD-2026-2154,2026-04-22,CUST-219,Desk Lamp,Furniture,North,1,384.07,0.0,384.07,249.65,134.42
ORD-2026-2155,2026-05-16,CUST-123,Smartphone,Electronics,North,5,457.4,0.35,1486.55,1646.64,-160.09
ORD-2026-2156,2026-01-29,CUST-272,Laptop,Electronics,East,1,317.63,0.0,317.63,228.69,88.94
ORD-2026-2157,2026-06-08,CUST-234,Standing Desk,Furniture,East,2,325.5,0.15,553.34,423.14,130.2
ORD-2026-2158,2026-06-06,CUST-170,Wireless Headphones,Electronics,North,2,709.32,0.35,922.11,1021.41,-99.3
ORD-2026-2159,2026-01-06,CUST-227,Laptop,Electronics,East,4,619.17,0.1,2229.0,1783.2,445.8
ORD-2026-2160,2026-05-29,CUST-253,Ergonomic Chair,Furniture,North,1,334.68,0.0,334.68,217.54,117.14
ORD-2026-2161,2026-01-24,CUST-106,Laptop,Electronics,East,3,279.31,0.0,837.93,603.31,234.62
ORD-2026-2162,2026-03-02,CUST-226,Smartphone,Electronics,South,5,164.7,0.05,782.32,592.91,189.41
ORD-2026-2163,2026-05-14,CUST-192,Bookshelf,Furniture,East,2,161.3,0.0,322.59,209.68,112.91
ORD-2026-2164,2026-01-29,CUST-110,Standing Desk,Furniture,East,2,130.68,0.0,261.37,169.89,91.48
ORD-2026-2165,2026-05-28,CUST-252,Smartphone,Electronics,West,3,534.57,0.25,1202.79,1154.68,48.11
ORD-2026-2166,2026-05-30,CUST-279,Standing Desk,Furniture,South,1,446.69,0.0,446.69,290.35,156.34
ORD-2026-2167,2026-04-02,CUST-103,Notebook,Office Supplies,North,3,43.7,0.05,124.54,85.22,39.32
ORD-2026-2168,2026-01-02,CUST-233,Desk Organizer,Office Supplies,North,8,43.85,0.0,350.83,228.04,122.79
ORD-2026-2169,2026-02-21,CUST-247,Standing Desk,Furniture,East,3,156.29,0.15,398.55,304.77,93.78
ORD-2026-2170,2026-04-22,CUST-224,Ergonomic Chair,Furniture,North,1,230.25,0.0,230.25,149.66,80.59
ORD-2026-2171,2026-06-26,CUST-290,Standing Desk,Furniture,North,3,306.04,0.0,918.11,596.77,321.34
ORD-2026-2172,2026-04-24,CUST-106,Binder Clip Pack,Office Supplies,North,11,52.76,0.0,580.31,377.2,203.11
ORD-2026-2173,2026-02-16,CUST-161,Desk Organizer,Office Supplies,West,4,54.39,0.0,217.57,141.42,76.15
ORD-2026-2174,2026-04-25,CUST-182,Binder Clip Pack,Office Supplies,North,12,53.51,0.0,642.12,417.38,224.74
ORD-2026-2175,2026-04-08,CUST-169,Smartwatch,Electronics,West,4,551.03,0.25,1653.09,1586.97,66.12
ORD-2026-2176,2026-05-21,CUST-225,Smartphone,Electronics,South,4,485.0,0.15,1649.0,1396.8,252.2
ORD-2026-2177,2026-01-20,CUST-115,Smartphone,Electronics,West,3,161.88,0.0,485.65,349.67,135.98
ORD-2026-2178,2026-05-17,CUST-224,Standing Desk,Furniture,North,1,128.06,0.1,115.25,83.24,32.01
ORD-2026-2179,2026-04-08,CUST-192,Smartphone,Electronics,North,2,522.85,0.25,784.28,752.9,31.38
ORD-2026-2180,2026-06-23,CUST-135,Binder Clip Pack,Office Supplies,North,5,20.69,0.05,98.28,67.24,31.04
ORD-2026-2181,2026-03-03,CUST-215,Ergonomic Chair,Furniture,South,2,394.64,0.15,670.89,513.03,157.86
ORD-2026-2182,2026-04-24,CUST-224,Standing Desk,Furniture,North,3,198.47,0.0,595.41,387.02,208.39
ORD-2026-2183,2026-06-17,CUST-188,Bookshelf,Furniture,East,2,382.0,0.1,687.61,496.61,191.0
ORD-2026-2184,2026-01-19,CUST-165,Smartwatch,Electronics,West,1,919.84,0.0,919.84,662.28,257.56
ORD-2026-2185,2026-06-18,CUST-209,Standing Desk,Furniture,South,3,192.93,0.0,578.79,376.21,202.58
ORD-2026-2186,2026-05-04,CUST-252,Bookshelf,Furniture,East,3,195.72,0.0,587.16,381.65,205.51
ORD-2026-2187,2026-01-13,CUST-290,Binder Clip Pack,Office Supplies,East,10,15.9,0.0,158.97,103.33,55.64
ORD-2026-2188,2026-02-24,CUST-236,Smartphone,Electronics,North,4,821.11,0.0,3284.44,2364.8,919.64
ORD-2026-2189,2026-05-08,CUST-167,Standing Desk,Furniture,West,2,218.23,0.0,436.47,283.71,152.76
ORD-2026-2190,2026-01-13,CUST-160,Ergonomic Chair,Furniture,South,2,186.52,0.0,373.03,242.47,130.56
ORD-2026-2191,2026-04-15,CUST-283,Standing Desk,Furniture,East,2,342.21,0.0,684.42,444.87,239.55
ORD-2026-2192,2026-03-04,CUST-222,Binder Clip Pack,Office Supplies,North,14,36.71,0.0,513.95,334.07,179.88
ORD-2026-2193,2026-04-22,CUST-270,Desk Organizer,Office Supplies,East,3,34.98,0.0,104.93,68.2,36.73
ORD-2026-2194,2026-01-09,CUST-180,Bookshelf,Furniture,West,3,126.86,0.1,342.53,247.38,95.15
ORD-2026-2195,2026-06-06,CUST-164,Wireless Headphones,Electronics,North,3,651.54,0.35,1270.51,1407.33,-136.82
ORD-2026-2196,2026-06-25,CUST-233,Pen Set,Office Supplies,North,8,22.02,0.0,176.12,114.48,61.64
ORD-2026-2197,2026-06-24,CUST-291,Notebook,Office Supplies,East,10,12.02,0.05,114.15,78.1,36.05
ORD-2026-2198,2026-05-15,CUST-170,Wireless Headphones,Electronics,North,4,346.33,0.15,1177.52,997.43,180.09
ORD-2026-2199,2026-01-24,CUST-149,Smartphone,Electronics,South,4,441.85,0.0,1767.42,1272.54,494.88
